,Newspaper,Year,Faces
0,GDL,1798,0
1,GDL,1798,0
2,GDL,1798,0
3,GDL,1798,0
4,GDL,1798,0
5,GDL,1798,1
6,GDL,1798,0
7,GDL,1798,0
8,GDL,1798,0
9,GDL,1798,0
10,GDL,1798,0
11,GDL,1798,0
12,GDL,1798,0
13,GDL,1798,0
14,GDL,1798,0
15,GDL,1798,0
16,GDL,1798,0
17,GDL,1798,0
18,GDL,1798,1
19,GDL,1798,1
20,GDL,1807,0
21,GDL,1807,0
22,GDL,1807,0
23,GDL,1807,0
24,GDL,1807,0
25,GDL,1807,1
26,GDL,1807,1
27,GDL,1807,0
28,GDL,1807,0
29,GDL,1807,0
30,GDL,1807,0
31,GDL,1807,0
32,GDL,1807,0
33,GDL,1807,1
34,GDL,1807,0
35,GDL,1807,2
36,GDL,1807,0
37,GDL,1807,0
38,GDL,1807,0
39,GDL,1807,0
40,GDL,1807,0
41,GDL,1807,0
42,GDL,1807,1
43,GDL,1807,0
44,GDL,1807,1
45,GDL,1807,0
46,GDL,1807,1
47,GDL,1807,0
48,GDL,1807,0
49,GDL,1807,1
50,GDL,1807,1
51,GDL,1807,0
52,GDL,1807,0
53,GDL,1807,0
54,GDL,1807,0
55,GDL,1807,0
56,GDL,1812,0
57,GDL,1812,0
58,GDL,1812,0
59,GDL,1812,0
60,GDL,1812,0
61,GDL,1812,0
62,GDL,1812,0
63,GDL,1812,0
64,GDL,1812,1
65,GDL,1812,0
66,GDL,1812,0
67,GDL,1812,1
68,GDL,1812,0
69,GDL,1812,0
70,GDL,1817,0
71,GDL,1817,0
72,GDL,1817,0
73,GDL,1817,0
74,GDL,1817,0
75,GDL,1817,0
76,GDL,1817,0
77,GDL,1817,0
78,GDL,1817,0
79,GDL,1817,0
80,GDL,1817,0
81,GDL,1817,0
82,GDL,1822,0
83,GDL,1822,0
84,GDL,1822,0
85,GDL,1822,0
86,GDL,1822,0
87,GDL,1822,0
88,GDL,1822,0
89,GDL,1822,0
90,GDL,1822,0
91,GDL,1822,0
92,GDL,1822,0
93,GDL,1822,0
94,GDL,1822,0
95,GDL,1822,0
96,GDL,1827,0
97,GDL,1827,0
98,GDL,1827,0
99,GDL,1827,1
100,GDL,1827,0
101,GDL,1827,0
102,GDL,1827,0
103,GDL,1827,0
104,GDL,1827,0
105,GDL,1827,0
106,GDL,1827,0
107,GDL,1827,0
108,GDL,1827,0
109,GDL,1827,0
110,GDL,1827,0
111,GDL,1827,0
112,GDL,1827,0
113,GDL,1827,0
114,GDL,1832,0
115,GDL,1832,0
116,GDL,1832,0
117,GDL,1832,0
118,GDL,1832,0
119,GDL,1832,0
120,GDL,1832,0
121,GDL,1832,0
122,GDL,1832,1
123,GDL,1832,0
124,GDL,1832,0
125,GDL,1832,0
126,GDL,1832,0
127,GDL,1832,0
128,GDL,1832,0
129,GDL,1832,0
130,GDL,1832,0
131,GDL,1832,0
132,GDL,1832,0
133,GDL,1832,0
134,GDL,1832,0
135,GDL,1832,0
136,GDL,1832,0
137,GDL,1832,0
138,GDL,1837,0
139,GDL,1837,0
140,GDL,1837,0
141,GDL,1837,0
142,GDL,1837,0
143,GDL,1837,0
144,GDL,1837,0
145,GDL,1837,0
146,GDL,1837,0
147,GDL,1837,0
148,GDL,1837,1
149,GDL,1837,0
150,GDL,1842,0
151,GDL,1842,0
152,GDL,1842,0
153,GDL,1842,0
154,GDL,1842,0
155,GDL,1842,0
156,GDL,1842,0
157,GDL,1842,0
158,GDL,1842,0
159,GDL,1842,0
160,GDL,1842,0
161,GDL,1842,0
162,GDL,1842,0
163,GDL,1842,0
164,GDL,1847,0
165,GDL,1847,0
166,GDL,1847,0
167,GDL,1847,0
168,GDL,1847,0
169,GDL,1847,0
170,GDL,1847,0
171,GDL,1847,0
172,GDL,1847,0
173,GDL,1852,0
174,GDL,1852,1
175,GDL,1852,0
176,GDL,1852,0
177,GDL,1852,0
178,GDL,1852,1
179,GDL,1852,0
180,GDL,1852,0
181,GDL,1852,0
182,GDL,1852,0
183,GDL,1852,0
184,GDL,1852,0
185,GDL,1857,0
186,GDL,1857,0
187,GDL,1857,0
188,GDL,1857,0
189,GDL,1857,0
190,GDL,1857,0
191,GDL,1857,0
192,GDL,1857,0
193,GDL,1857,0
194,GDL,1857,0
195,GDL,1857,0
196,GDL,1857,0
197,GDL,1862,0
198,GDL,1862,0
199,GDL,1862,1
200,GDL,1862,0
201,GDL,1862,0
202,GDL,1862,0
203,GDL,1862,0
204,GDL,1862,0
205,GDL,1862,0
206,GDL,1862,0
207,GDL,1862,0
208,GDL,1862,0
209,GDL,1867,0
210,GDL,1867,0
211,GDL,1867,0
212,GDL,1867,0
213,GDL,1867,0
214,GDL,1867,0
215,GDL,1867,0
216,GDL,1867,0
217,GDL,1867,0
218,GDL,1867,0
219,GDL,1867,0
220,GDL,1867,0
221,GDL,1872,0
222,GDL,1872,0
223,GDL,1872,0
224,GDL,1872,0
225,GDL,1872,0
226,GDL,1872,0
227,GDL,1872,0
228,GDL,1872,0
229,GDL,1872,0
230,GDL,1872,0
231,GDL,1872,0
232,GDL,1872,0
233,GDL,1877,0
234,GDL,1877,0
235,GDL,1877,0
236,GDL,1877,0
237,GDL,1877,0
238,GDL,1877,0
239,GDL,1877,1
240,GDL,1877,0
241,GDL,1877,0
242,GDL,1877,0
243,GDL,1877,0
244,GDL,1877,0
245,GDL,1882,0
246,GDL,1882,0
247,GDL,1882,0
248,GDL,1882,0
249,GDL,1882,0
250,GDL,1882,0
251,GDL,1882,0
252,GDL,1882,0
253,GDL,1882,0
254,GDL,1882,0
255,GDL,1882,0
256,GDL,1882,0
257,GDL,1887,0
258,GDL,1887,0
259,GDL,1887,0
260,GDL,1887,0
261,GDL,1887,0
262,GDL,1887,1
263,GDL,1887,0
264,GDL,1887,0
265,GDL,1887,0
266,GDL,1887,0
267,GDL,1887,0
268,GDL,1887,0
269,GDL,1892,0
270,GDL,1892,0
271,GDL,1892,0
272,GDL,1892,0
273,GDL,1892,0
274,GDL,1892,0
275,GDL,1892,0
276,GDL,1892,1
277,GDL,1892,0
278,GDL,1892,0
279,GDL,1892,0
280,GDL,1892,0
281,GDL,1897,0
282,GDL,1897,0
283,GDL,1897,0
284,GDL,1897,0
285,GDL,1897,0
286,GDL,1897,0
287,GDL,1897,0
288,GDL,1897,0
289,GDL,1897,0
290,GDL,1897,0
291,GDL,1897,0
292,GDL,1897,0
293,GDL,1897,0
294,GDL,1897,0
295,GDL,1902,0
296,GDL,1902,0
297,GDL,1902,0
298,GDL,1902,0
299,GDL,1902,0
300,GDL,1902,0
301,GDL,1902,0
302,GDL,1902,0
303,GDL,1902,0
304,GDL,1902,0
305,GDL,1902,0
306,GDL,1902,0
307,GDL,1902,0
308,GDL,1902,1
309,GDL,1902,0
310,GDL,1902,0
311,GDL,1907,0
312,GDL,1907,0
313,GDL,1907,0
314,GDL,1907,0
315,GDL,1907,1
316,GDL,1907,0
317,GDL,1907,1
318,GDL,1907,0
319,GDL,1907,0
320,GDL,1907,0
321,GDL,1907,1
322,GDL,1907,0
323,GDL,1912,0
324,GDL,1912,0
325,GDL,1912,0
326,GDL,1912,0
327,GDL,1912,0
328,GDL,1912,1
329,GDL,1912,0
330,GDL,1912,0
331,GDL,1912,0
332,GDL,1912,0
333,GDL,1912,0
334,GDL,1912,0
335,GDL,1912,0
336,GDL,1912,0
337,GDL,1912,0
338,GDL,1912,0
339,GDL,1917,0
340,GDL,1917,0
341,GDL,1917,1
342,GDL,1917,0
343,GDL,1917,0
344,GDL,1917,0
345,GDL,1917,0
346,GDL,1917,0
347,GDL,1917,1
348,GDL,1917,0
349,GDL,1917,0
350,GDL,1917,0
351,GDL,1917,1
352,GDL,1917,0
353,GDL,1922,0
354,GDL,1922,0
355,GDL,1922,0
356,GDL,1922,0
357,GDL,1922,2
358,GDL,1922,0
359,GDL,1922,0
360,GDL,1922,0
361,GDL,1922,0
362,GDL,1922,0
363,GDL,1922,0
364,GDL,1922,0
365,GDL,1922,1
366,GDL,1922,0
367,GDL,1927,1
368,GDL,1927,0
369,GDL,1927,2
370,GDL,1927,0
371,GDL,1927,1
372,GDL,1927,0
373,GDL,1927,0
374,GDL,1927,0
375,GDL,1927,1
376,GDL,1927,0
377,GDL,1927,0
378,GDL,1927,0
379,GDL,1927,0
380,GDL,1927,0
381,GDL,1932,1
382,GDL,1932,0
383,GDL,1932,2
384,GDL,1932,0
385,GDL,1932,0
386,GDL,1932,0
387,GDL,1932,0
388,GDL,1932,0
389,GDL,1932,1
390,GDL,1932,0
391,GDL,1932,0
392,GDL,1932,0
393,GDL,1932,1
394,GDL,1932,0
395,GDL,1937,0
396,GDL,1937,0
397,GDL,1937,1
398,GDL,1937,0
399,GDL,1937,0
400,GDL,1937,0
401,GDL,1937,2
402,GDL,1937,0
403,GDL,1937,0
404,GDL,1937,0
405,GDL,1937,0
406,GDL,1937,0
407,GDL,1937,0
408,GDL,1937,0
409,GDL,1942,0
410,GDL,1942,0
411,GDL,1942,0
412,GDL,1942,0
413,GDL,1942,3
414,GDL,1942,0
415,GDL,1942,0
416,GDL,1942,0
417,GDL,1942,0
418,GDL,1942,0
419,GDL,1942,0
420,GDL,1942,0
421,GDL,1947,0
422,GDL,1947,0
423,GDL,1947,0
424,GDL,1947,1
425,GDL,1947,0
426,GDL,1947,0
427,GDL,1947,0
428,GDL,1947,0
429,GDL,1947,1
430,GDL,1947,1
431,GDL,1947,1
432,GDL,1947,0
433,GDL,1947,0
434,GDL,1947,0
435,GDL,1947,0
436,GDL,1947,0
437,GDL,1947,1
438,GDL,1947,0
439,GDL,1947,0
440,GDL,1947,0
441,GDL,1947,0
442,GDL,1947,1
443,GDL,1947,0
444,GDL,1947,0
445,GDL,1947,1
446,GDL,1947,0
447,GDL,1952,1
448,GDL,1952,0
449,GDL,1952,0
450,GDL,1952,1
451,GDL,1952,0
452,GDL,1952,0
453,GDL,1952,1
454,GDL,1952,0
455,GDL,1952,1
456,GDL,1952,0
457,GDL,1952,0
458,GDL,1952,0
459,GDL,1952,0
460,GDL,1952,0
461,GDL,1952,0
462,GDL,1952,1
463,GDL,1952,0
464,GDL,1952,0
465,GDL,1952,0
466,GDL,1952,0
467,GDL,1957,0
468,GDL,1957,0
469,GDL,1957,0
470,GDL,1957,0
471,GDL,1957,0
472,GDL,1957,0
473,GDL,1957,0
474,GDL,1957,0
475,GDL,1957,1
476,GDL,1957,0
477,GDL,1957,0
478,GDL,1957,0
479,GDL,1957,0
480,GDL,1957,0
481,GDL,1957,0
482,GDL,1957,0
483,GDL,1957,0
484,GDL,1957,1
485,GDL,1957,0
486,GDL,1957,0
487,GDL,1957,0
488,GDL,1957,0
489,GDL,1957,0
490,GDL,1957,1
491,GDL,1957,0
492,GDL,1957,0
493,GDL,1957,0
494,GDL,1957,0
495,GDL,1962,0
496,GDL,1962,0
497,GDL,1962,0
498,GDL,1962,0
499,GDL,1962,0
500,GDL,1962,0
501,GDL,1962,0
502,GDL,1962,0
503,GDL,1962,0
504,GDL,1962,0
505,GDL,1962,0
506,GDL,1962,0
507,GDL,1962,0
508,GDL,1962,1
509,GDL,1962,0
510,GDL,1962,0
511,GDL,1962,0
512,GDL,1962,0
513,GDL,1962,0
514,GDL,1962,0
515,GDL,1962,3
516,GDL,1962,0
517,GDL,1962,0
518,GDL,1962,0
519,GDL,1962,0
520,GDL,1962,0
521,GDL,1962,0
522,GDL,1962,0
523,GDL,1962,0
524,GDL,1962,1
525,GDL,1962,0
526,GDL,1962,0
527,GDL,1962,4
528,GDL,1962,0
529,GDL,1962,0
530,GDL,1962,0
531,GDL,1962,1
532,GDL,1962,0
533,GDL,1962,0
534,GDL,1962,0
535,GDL,1967,2
536,GDL,1967,1
537,GDL,1967,0
538,GDL,1967,0
539,GDL,1967,0
540,GDL,1967,0
541,GDL,1967,0
542,GDL,1967,0
543,GDL,1967,1
544,GDL,1967,0
545,GDL,1967,0
546,GDL,1967,1
547,GDL,1967,0
548,GDL,1967,0
549,GDL,1967,0
550,GDL,1967,1
551,GDL,1967,0
552,GDL,1967,0
553,GDL,1967,0
554,GDL,1967,0
555,GDL,1967,0
556,GDL,1967,0
557,GDL,1967,1
558,GDL,1967,0
559,GDL,1967,0
560,GDL,1967,0
561,GDL,1967,0
562,GDL,1967,0
563,GDL,1967,0
564,GDL,1967,1
565,GDL,1967,1
566,GDL,1967,1
567,GDL,1967,0
568,GDL,1967,0
569,GDL,1967,0
570,GDL,1967,0
571,GDL,1967,0
572,GDL,1967,0
573,GDL,1967,0
574,GDL,1967,1
575,GDL,1967,0
576,GDL,1967,0
577,GDL,1967,0
578,GDL,1967,1
579,GDL,1967,1
580,GDL,1967,0
581,GDL,1967,1
582,GDL,1967,0
583,GDL,1967,1
584,GDL,1967,0
585,GDL,1972,0
586,GDL,1972,0
587,GDL,1972,0
588,GDL,1972,0
589,GDL,1972,0
590,GDL,1972,1
591,GDL,1972,0
592,GDL,1972,0
593,GDL,1972,0
594,GDL,1972,0
595,GDL,1972,0
596,GDL,1972,1
597,GDL,1972,0
598,GDL,1972,0
599,GDL,1972,0
600,GDL,1972,1
601,GDL,1972,0
602,GDL,1972,0
603,GDL,1972,0
604,GDL,1972,0
605,GDL,1972,0
606,GDL,1972,0
607,GDL,1972,0
608,GDL,1972,0
609,GDL,1972,1
610,GDL,1972,0
611,GDL,1972,0
612,GDL,1972,0
613,GDL,1972,0
614,GDL,1972,0
615,GDL,1972,0
616,GDL,1972,0
617,GDL,1972,0
618,GDL,1972,0
619,GDL,1972,1
620,GDL,1972,0
621,GDL,1972,0
622,GDL,1972,0
623,GDL,1972,0
624,GDL,1977,0
625,GDL,1977,1
626,GDL,1977,0
627,GDL,1977,2
628,GDL,1977,1
629,GDL,1977,0
630,GDL,1977,0
631,GDL,1977,0
632,GDL,1977,0
633,GDL,1977,0
634,GDL,1977,0
635,GDL,1977,0
636,GDL,1977,0
637,GDL,1977,0
638,GDL,1977,0
639,GDL,1977,3
640,GDL,1977,0
641,GDL,1977,0
642,GDL,1977,0
643,GDL,1977,0
644,GDL,1977,0
645,GDL,1977,0
646,GDL,1977,0
647,GDL,1977,0
648,GDL,1977,0
649,GDL,1977,0
650,GDL,1977,0
651,GDL,1977,0
652,GDL,1977,0
653,GDL,1977,1
654,GDL,1977,0
655,GDL,1977,0
656,GDL,1977,0
657,GDL,1977,0
658,GDL,1977,0
659,GDL,1977,0
660,GDL,1977,0
661,GDL,1977,1
662,GDL,1982,1
663,GDL,1982,0
664,GDL,1982,1
665,GDL,1982,0
666,GDL,1982,1
667,GDL,1982,0
668,GDL,1982,0
669,GDL,1982,0
670,GDL,1982,0
671,GDL,1982,1
672,GDL,1982,1
673,GDL,1982,0
674,GDL,1982,0
675,GDL,1982,1
676,GDL,1982,1
677,GDL,1982,1
678,GDL,1982,1
679,GDL,1982,1
680,GDL,1982,0
681,GDL,1982,0
682,GDL,1982,0
683,GDL,1982,2
684,GDL,1982,0
685,GDL,1982,0
686,GDL,1982,0
687,GDL,1982,0
688,GDL,1982,1
689,GDL,1982,0
690,GDL,1982,0
691,GDL,1982,1
692,GDL,1982,0
693,GDL,1982,0
694,GDL,1982,0
695,GDL,1982,0
696,GDL,1982,0
697,GDL,1982,1
698,GDL,1982,0
699,GDL,1982,0
700,GDL,1982,0
701,GDL,1982,2
702,GDL,1982,1
703,GDL,1982,1
704,GDL,1982,0
705,GDL,1982,0
706,GDL,1982,0
707,GDL,1982,0
708,GDL,1982,1
709,GDL,1982,1
710,GDL,1982,0
711,GDL,1982,0
712,GDL,1982,0
713,GDL,1982,0
714,GDL,1982,0
715,GDL,1982,0
716,GDL,1982,0
717,GDL,1982,0
718,GDL,1982,0
719,GDL,1982,0
720,GDL,1982,0
721,GDL,1982,2
722,GDL,1987,1
723,GDL,1987,0
724,GDL,1987,0
725,GDL,1987,0
726,GDL,1987,0
727,GDL,1987,0
728,GDL,1987,0
729,GDL,1987,0
730,GDL,1987,0
731,GDL,1987,0
732,GDL,1987,0
733,GDL,1987,0
734,GDL,1987,0
735,GDL,1987,0
736,GDL,1987,0
737,GDL,1987,1
738,GDL,1987,1
739,GDL,1987,1
740,GDL,1987,0
741,GDL,1987,0
742,GDL,1987,0
743,GDL,1987,1
744,GDL,1987,0
745,GDL,1987,0
746,GDL,1987,0
747,GDL,1987,3
748,GDL,1987,1
749,GDL,1987,1
750,GDL,1987,2
751,GDL,1987,0
752,GDL,1987,0
753,GDL,1987,0
754,GDL,1987,0
755,GDL,1987,0
756,GDL,1987,0
757,GDL,1987,0
758,GDL,1987,2
759,GDL,1987,1
760,GDL,1987,1
761,GDL,1987,0
762,GDL,1987,0
763,GDL,1987,4
764,GDL,1987,4
765,GDL,1987,0
766,GDL,1987,0
767,GDL,1987,0
768,GDL,1987,0
769,GDL,1987,0
770,GDL,1987,0
771,GDL,1987,1
772,GDL,1987,3
773,GDL,1987,0
774,GDL,1987,0
775,GDL,1987,1
776,GDL,1987,0
777,GDL,1987,0
778,GDL,1987,0
779,GDL,1987,0
780,GDL,1987,0
781,GDL,1987,0
782,GDL,1987,0
783,GDL,1987,1
784,GDL,1987,1
785,GDL,1987,1
786,GDL,1987,0
787,GDL,1987,1
788,GDL,1987,0
789,GDL,1987,0
790,GDL,1987,1
791,GDL,1987,0
792,GDL,1987,0
793,GDL,1987,1
794,GDL,1987,0
795,GDL,1987,2
796,GDL,1987,0
797,GDL,1992,0
798,GDL,1992,2
799,GDL,1992,1
800,GDL,1992,0
801,GDL,1992,0
802,GDL,1992,0
803,GDL,1992,0
804,GDL,1992,0
805,GDL,1992,1
806,GDL,1992,0
807,GDL,1992,0
808,GDL,1992,0
809,GDL,1992,0
810,GDL,1992,0
811,GDL,1992,0
812,GDL,1992,2
813,GDL,1992,0
814,GDL,1992,0
815,GDL,1992,2
816,GDL,1992,1
817,GDL,1992,0
818,GDL,1992,1
819,GDL,1992,0
820,GDL,1992,0
821,GDL,1992,0
822,GDL,1992,1
823,GDL,1992,0
824,GDL,1992,0
825,GDL,1992,5
826,GDL,1992,0
827,GDL,1992,0
828,GDL,1992,1
829,GDL,1992,0
830,GDL,1992,0
831,GDL,1992,0
832,GDL,1992,0
833,GDL,1992,0
834,GDL,1992,1
835,GDL,1992,1
836,GDL,1992,0
837,GDL,1992,0
838,GDL,1992,1
839,GDL,1992,0
840,GDL,1992,0
841,GDL,1992,2
842,GDL,1992,0
843,GDL,1992,0
844,GDL,1992,0
845,GDL,1992,0
846,GDL,1992,0
847,GDL,1992,0
848,GDL,1992,2
849,GDL,1992,4
850,GDL,1992,1
851,GDL,1992,0
852,GDL,1992,0
853,GDL,1992,0
854,GDL,1992,0
855,GDL,1992,1
856,GDL,1992,1
857,GDL,1992,0
858,GDL,1992,0
859,GDL,1992,1
860,GDL,1992,0
861,GDL,1992,0
862,GDL,1992,0
863,GDL,1992,1
864,GDL,1992,1
865,GDL,1992,2
866,GDL,1992,1
867,GDL,1992,2
868,GDL,1992,0
869,GDL,1992,0
870,GDL,1992,0
871,GDL,1992,1
872,GDL,1992,0
873,GDL,1992,0
874,GDL,1992,0
875,GDL,1992,7
876,GDL,1992,1
877,GDL,1992,0
878,GDL,1992,0
879,GDL,1992,1
880,GDL,1992,0
881,GDL,1992,2
882,GDL,1992,2
883,GDL,1992,0
884,GDL,1992,2
885,GDL,1992,0
886,GDL,1992,3
887,GDL,1992,0
888,GDL,1992,0
889,GDL,1992,0
890,GDL,1992,0
891,GDL,1992,1
892,GDL,1992,1
893,GDL,1997,2
894,GDL,1997,0
895,GDL,1997,2
896,GDL,1997,0
897,GDL,1997,0
898,GDL,1997,0
899,GDL,1997,1
900,GDL,1997,1
901,GDL,1997,1
902,GDL,1997,0
903,GDL,1997,0
904,GDL,1997,1
905,GDL,1997,0
906,GDL,1997,0
907,GDL,1997,0
908,GDL,1997,0
909,GDL,1997,0
910,GDL,1997,1
911,GDL,1997,0
912,GDL,1997,0
913,GDL,1997,1
914,GDL,1997,0
915,GDL,1997,0
916,GDL,1997,1
917,GDL,1997,0
918,GDL,1997,0
919,GDL,1997,0
920,GDL,1997,0
921,GDL,1997,3
922,GDL,1997,1
923,GDL,1997,0
924,GDL,1997,1
925,GDL,1997,1
926,GDL,1997,2
927,GDL,1997,1
928,GDL,1997,2
929,GDL,1997,0
930,GDL,1997,0
931,GDL,1997,0
932,GDL,1997,1
933,GDL,1997,0
934,GDL,1997,0
935,GDL,1997,0
936,GDL,1997,0
937,GDL,1997,0
938,GDL,1997,0
939,GDL,1997,0
940,GDL,1997,0
941,GDL,1997,0
942,GDL,1997,2
943,GDL,1997,0
944,GDL,1997,0
945,GDL,1997,0
946,GDL,1997,0
947,GDL,1997,0
948,GDL,1997,0
949,GDL,1997,0
950,GDL,1997,0
951,GDL,1997,0
952,GDL,1997,0
953,GDL,1997,1
954,GDL,1997,1
955,GDL,1997,0
956,GDL,1997,2
957,GDL,1997,0
958,GDL,1997,0
959,GDL,1997,0
960,GDL,1997,0
961,GDL,1997,0
962,GDL,1997,0
963,GDL,1997,1
964,GDL,1997,0
965,GDL,1997,0
966,GDL,1997,1
967,GDL,1997,3
968,GDL,1997,0
969,GDL,1997,1
970,GDL,1997,1
971,GDL,1997,1
972,GDL,1997,1
973,GDL,1997,0
974,GDL,1997,1
975,GDL,1997,0
976,GDL,1997,0
977,GDL,1997,1
978,GDL,1997,0
979,GDL,1997,1
980,GDL,1997,4
981,GDL,1997,0
982,GDL,1997,0
983,GDL,1997,0
984,GDL,1997,1
985,GDL,1997,0
986,GDL,1997,0
987,GDL,1997,0
988,GDL,1997,0
989,GDL,1997,0
990,GDL,1997,1
991,GDL,1997,1
992,GDL,1997,1
993,GDL,1997,4
994,GDL,1997,1
995,GDL,1997,0
996,GDL,1997,0
997,GDL,1997,0
998,GDL,1997,0
999,GDL,1997,0
1000,GDL,1997,0
1001,GDL,1997,0
1002,GDL,1997,0
1003,GDL,1997,1
1004,GDL,1997,0
1005,IMP,1882,0
1006,IMP,1882,0
1007,IMP,1882,0
1008,IMP,1882,0
1009,IMP,1882,0
1010,IMP,1882,0
1011,IMP,1882,0
1012,IMP,1882,0
1013,IMP,1882,0
1014,IMP,1882,0
1015,IMP,1882,0
1016,IMP,1882,0
1017,IMP,1887,1
1018,IMP,1887,0
1019,IMP,1887,0
1020,IMP,1887,0
1021,IMP,1887,0
1022,IMP,1887,0
1023,IMP,1887,0
1024,IMP,1887,0
1025,IMP,1887,0
1026,IMP,1887,0
1027,IMP,1887,0
1028,IMP,1887,0
1029,IMP,1887,0
1030,IMP,1887,0
1031,IMP,1887,0
1032,IMP,1887,0
1033,IMP,1887,0
1034,IMP,1887,0
1035,IMP,1887,0
1036,IMP,1887,0
1037,IMP,1887,0
1038,IMP,1887,0
1039,IMP,1892,1
1040,IMP,1892,0
1041,IMP,1892,0
1042,IMP,1892,0
1043,IMP,1892,2
1044,IMP,1892,1
1045,IMP,1892,0
1046,IMP,1892,1
1047,IMP,1892,0
1048,IMP,1892,0
1049,IMP,1892,0
1050,IMP,1892,0
1051,IMP,1892,0
1052,IMP,1892,0
1053,IMP,1892,0
1054,IMP,1892,0
1055,IMP,1892,1
1056,IMP,1892,0
1057,IMP,1892,1
1058,IMP,1892,0
1059,IMP,1892,0
1060,IMP,1892,0
1061,IMP,1892,0
1062,IMP,1892,3
1063,IMP,1892,0
1064,IMP,1892,1
1065,IMP,1897,0
1066,IMP,1897,0
1067,IMP,1897,0
1068,IMP,1897,0
1069,IMP,1897,0
1070,IMP,1897,0
1071,IMP,1897,0
1072,IMP,1897,0
1073,IMP,1897,2
1074,IMP,1897,0
1075,IMP,1897,0
1076,IMP,1897,0
1077,IMP,1897,0
1078,IMP,1897,1
1079,IMP,1897,2
1080,IMP,1897,0
1081,IMP,1897,0
1082,IMP,1897,0
1083,IMP,1897,0
1084,IMP,1897,0
1085,IMP,1897,0
1086,IMP,1897,0
1087,IMP,1897,1
1088,IMP,1897,0
1089,IMP,1897,0
1090,IMP,1902,0
1091,IMP,1902,0
1092,IMP,1902,1
1093,IMP,1902,0
1094,IMP,1902,0
1095,IMP,1902,0
1096,IMP,1902,1
1097,IMP,1902,1
1098,IMP,1902,0
1099,IMP,1902,0
1100,IMP,1902,0
1101,IMP,1902,1
1102,IMP,1902,0
1103,IMP,1902,0
1104,IMP,1902,1
1105,IMP,1902,0
1106,IMP,1902,0
1107,IMP,1902,0
1108,IMP,1902,0
1109,IMP,1902,0
1110,IMP,1902,0
1111,IMP,1902,0
1112,IMP,1902,0
1113,IMP,1902,1
1114,IMP,1902,0
1115,IMP,1902,0
1116,IMP,1902,0
1117,IMP,1902,0
1118,IMP,1902,0
1119,IMP,1902,0
1120,IMP,1902,0
1121,IMP,1902,0
1122,IMP,1902,0
1123,IMP,1902,0
1124,IMP,1902,1
1125,IMP,1902,0
1126,IMP,1902,0
1127,IMP,1902,0
1128,IMP,1907,0
1129,IMP,1907,1
1130,IMP,1907,0
1131,IMP,1907,0
1132,IMP,1907,0
1133,IMP,1907,0
1134,IMP,1907,0
1135,IMP,1907,0
1136,IMP,1907,2
1137,IMP,1907,2
1138,IMP,1907,0
1139,IMP,1907,1
1140,IMP,1907,0
1141,IMP,1907,0
1142,IMP,1907,0
1143,IMP,1907,0
1144,IMP,1907,0
1145,IMP,1907,0
1146,IMP,1907,3
1147,IMP,1907,1
1148,IMP,1907,0
1149,IMP,1907,1
1150,IMP,1907,2
1151,IMP,1907,1
1152,IMP,1907,0
1153,IMP,1907,0
1154,IMP,1907,0
1155,IMP,1907,0
1156,IMP,1907,0
1157,IMP,1907,4
1158,IMP,1912,2
1159,IMP,1912,0
1160,IMP,1912,0
1161,IMP,1912,2
1162,IMP,1912,1
1163,IMP,1912,2
1164,IMP,1912,0
1165,IMP,1912,1
1166,IMP,1912,0
1167,IMP,1912,0
1168,IMP,1912,0
1169,IMP,1912,1
1170,IMP,1912,0
1171,IMP,1912,3
1172,IMP,1912,0
1173,IMP,1912,0
1174,IMP,1912,0
1175,IMP,1912,0
1176,IMP,1912,0
1177,IMP,1912,0
1178,IMP,1912,0
1179,IMP,1912,1
1180,IMP,1912,0
1181,IMP,1912,0
1182,IMP,1917,0
1183,IMP,1917,0
1184,IMP,1917,0
1185,IMP,1917,0
1186,IMP,1917,0
1187,IMP,1917,1
1188,IMP,1917,0
1189,IMP,1917,2
1190,IMP,1917,0
1191,IMP,1917,1
1192,IMP,1917,0
1193,IMP,1917,1
1194,IMP,1917,2
1195,IMP,1917,3
1196,IMP,1917,0
1197,IMP,1917,0
1198,IMP,1917,0
1199,IMP,1917,0
1200,IMP,1917,1
1201,IMP,1917,0
1202,IMP,1917,0
1203,IMP,1917,2
1204,IMP,1917,0
1205,IMP,1917,0
1206,IMP,1917,1
1207,IMP,1917,0
1208,IMP,1917,0
1209,IMP,1917,0
1210,IMP,1922,0
1211,IMP,1922,0
1212,IMP,1922,0
1213,IMP,1922,0
1214,IMP,1922,1
1215,IMP,1922,0
1216,IMP,1922,0
1217,IMP,1922,4
1218,IMP,1922,2
1219,IMP,1922,1
1220,IMP,1922,1
1221,IMP,1922,2
1222,IMP,1922,0
1223,IMP,1922,0
1224,IMP,1922,0
1225,IMP,1922,0
1226,IMP,1922,3
1227,IMP,1922,1
1228,IMP,1922,0
1229,IMP,1922,2
1230,IMP,1922,0
1231,IMP,1922,1
1232,IMP,1922,0
1233,IMP,1922,1
1234,IMP,1922,2
1235,IMP,1922,0
1236,IMP,1922,1
1237,IMP,1922,0
1238,IMP,1922,1
1239,IMP,1922,1
1240,IMP,1922,1
1241,IMP,1922,1
1242,IMP,1927,1
1243,IMP,1927,0
1244,IMP,1927,0
1245,IMP,1927,1
1246,IMP,1927,1
1247,IMP,1927,0
1248,IMP,1927,0
1249,IMP,1927,3
1250,IMP,1927,1
1251,IMP,1927,0
1252,IMP,1927,5
1253,IMP,1927,0
1254,IMP,1927,0
1255,IMP,1927,1
1256,IMP,1927,0
1257,IMP,1927,0
1258,IMP,1927,1
1259,IMP,1927,0
1260,IMP,1927,0
1261,IMP,1927,0
1262,IMP,1927,1
1263,IMP,1927,1
1264,IMP,1927,0
1265,IMP,1927,0
1266,IMP,1927,0
1267,IMP,1927,0
1268,IMP,1927,0
1269,IMP,1927,0
1270,IMP,1927,0
1271,IMP,1927,3
1272,IMP,1927,0
1273,IMP,1927,1
1274,IMP,1932,2
1275,IMP,1932,1
1276,IMP,1932,1
1277,IMP,1932,4
1278,IMP,1932,0
1279,IMP,1932,0
1280,IMP,1932,0
1281,IMP,1932,0
1282,IMP,1932,3
1283,IMP,1932,1
1284,IMP,1932,1
1285,IMP,1932,0
1286,IMP,1932,2
1287,IMP,1932,1
1288,IMP,1932,0
1289,IMP,1932,1
1290,IMP,1932,0
1291,IMP,1932,0
1292,IMP,1932,1
1293,IMP,1932,2
1294,IMP,1932,0
1295,IMP,1932,0
1296,IMP,1932,0
1297,IMP,1932,0
1298,IMP,1932,2
1299,IMP,1932,0
1300,IMP,1932,0
1301,IMP,1932,2
1302,IMP,1932,2
1303,IMP,1932,1
1304,IMP,1937,0
1305,IMP,1937,1
1306,IMP,1937,0
1307,IMP,1937,0
1308,IMP,1937,1
1309,IMP,1937,0
1310,IMP,1937,0
1311,IMP,1937,0
1312,IMP,1937,0
1313,IMP,1937,0
1314,IMP,1937,0
1315,IMP,1937,0
1316,IMP,1937,0
1317,IMP,1937,0
1318,IMP,1937,0
1319,IMP,1937,0
1320,IMP,1937,0
1321,IMP,1937,0
1322,IMP,1937,0
1323,IMP,1937,0
1324,IMP,1937,2
1325,IMP,1937,0
1326,IMP,1937,0
1327,IMP,1937,0
1328,IMP,1942,2
1329,IMP,1942,1
1330,IMP,1942,1
1331,IMP,1942,0
1332,IMP,1942,0
1333,IMP,1942,0
1334,IMP,1942,0
1335,IMP,1942,0
1336,IMP,1942,1
1337,IMP,1942,0
1338,IMP,1942,0
1339,IMP,1942,1
1340,IMP,1942,0
1341,IMP,1942,0
1342,IMP,1942,0
1343,IMP,1942,0
1344,IMP,1942,1
1345,IMP,1942,0
1346,IMP,1942,0
1347,IMP,1942,0
1348,IMP,1942,0
1349,IMP,1942,0
1350,IMP,1942,3
1351,IMP,1942,0
1352,IMP,1942,0
1353,IMP,1942,0
1354,IMP,1942,1
1355,IMP,1942,0
1356,IMP,1947,1
1357,IMP,1947,0
1358,IMP,1947,0
1359,IMP,1947,1
1360,IMP,1947,0
1361,IMP,1947,0
1362,IMP,1947,0
1363,IMP,1947,0
1364,IMP,1947,0
1365,IMP,1947,1
1366,IMP,1947,6
1367,IMP,1947,0
1368,IMP,1947,0
1369,IMP,1947,0
1370,IMP,1947,0
1371,IMP,1947,0
1372,IMP,1947,1
1373,IMP,1947,0
1374,IMP,1947,0
1375,IMP,1947,0
1376,IMP,1947,0
1377,IMP,1947,1
1378,IMP,1947,0
1379,IMP,1947,0
1380,IMP,1947,1
1381,IMP,1947,0
1382,IMP,1947,0
1383,IMP,1947,1
1384,IMP,1952,8
1385,IMP,1952,1
1386,IMP,1952,3
1387,IMP,1952,0
1388,IMP,1952,0
1389,IMP,1952,1
1390,IMP,1952,0
1391,IMP,1952,1
1392,IMP,1952,1
1393,IMP,1952,0
1394,IMP,1952,0
1395,IMP,1952,0
1396,IMP,1952,0
1397,IMP,1952,4
1398,IMP,1952,0
1399,IMP,1952,0
1400,IMP,1952,0
1401,IMP,1952,0
1402,IMP,1952,3
1403,IMP,1952,0
1404,IMP,1952,0
1405,IMP,1952,0
1406,IMP,1952,0
1407,IMP,1952,1
1408,IMP,1952,1
1409,IMP,1952,1
1410,IMP,1952,1
1411,IMP,1952,3
1412,IMP,1952,1
1413,IMP,1952,0
1414,IMP,1957,0
1415,IMP,1957,0
1416,IMP,1957,4
1417,IMP,1957,0
1418,IMP,1957,2
1419,IMP,1957,2
1420,IMP,1957,1
1421,IMP,1957,0
1422,IMP,1957,1
1423,IMP,1957,1
1424,IMP,1957,0
1425,IMP,1957,0
1426,IMP,1957,1
1427,IMP,1957,3
1428,IMP,1957,9
1429,IMP,1957,0
1430,IMP,1957,4
1431,IMP,1957,0
1432,IMP,1957,0
1433,IMP,1957,1
1434,IMP,1957,0
1435,IMP,1957,0
1436,IMP,1957,0
1437,IMP,1957,0
1438,IMP,1957,3
1439,IMP,1957,5
1440,IMP,1957,0
1441,IMP,1957,1
1442,IMP,1957,2
1443,IMP,1957,2
1444,IMP,1957,6
1445,IMP,1957,1
1446,IMP,1957,0
1447,IMP,1957,4
1448,IMP,1957,1
1449,IMP,1957,0
1450,IMP,1957,2
1451,IMP,1957,2
1452,IMP,1957,0
1453,IMP,1957,0
1454,IMP,1957,3
1455,IMP,1957,0
1456,IMP,1957,0
1457,IMP,1957,0
1458,IMP,1957,1
1459,IMP,1957,1
1460,IMP,1957,1
1461,IMP,1957,0
1462,IMP,1957,1
1463,IMP,1957,0
1464,IMP,1957,1
1465,IMP,1957,0
1466,IMP,1957,0
1467,IMP,1957,0
1468,IMP,1957,2
1469,IMP,1957,1
1470,IMP,1957,2
1471,IMP,1957,3
1472,IMP,1957,0
1473,IMP,1957,0
1474,IMP,1957,0
1475,IMP,1957,0
1476,IMP,1957,1
1477,IMP,1957,0
1478,IMP,1962,0
1479,IMP,1962,3
1480,IMP,1962,1
1481,IMP,1962,0
1482,IMP,1962,0
1483,IMP,1962,0
1484,IMP,1962,0
1485,IMP,1962,11
1486,IMP,1962,2
1487,IMP,1962,0
1488,IMP,1962,0
1489,IMP,1962,0
1490,IMP,1962,1
1491,IMP,1962,0
1492,IMP,1962,4
1493,IMP,1962,5
1494,IMP,1962,0
1495,IMP,1962,1
1496,IMP,1962,0
1497,IMP,1962,0
1498,IMP,1962,2
1499,IMP,1962,6
1500,IMP,1962,0
1501,IMP,1962,0
1502,IMP,1962,0
1503,IMP,1962,1
1504,IMP,1962,0
1505,IMP,1962,0
1506,IMP,1962,1
1507,IMP,1962,0
1508,IMP,1962,1
1509,IMP,1962,0
1510,IMP,1962,0
1511,IMP,1962,0
1512,IMP,1962,4
1513,IMP,1962,1
1514,IMP,1962,0
1515,IMP,1962,0
1516,IMP,1962,0
1517,IMP,1962,0
1518,IMP,1962,0
1519,IMP,1962,1
1520,IMP,1962,0
1521,IMP,1962,2
1522,IMP,1962,2
1523,IMP,1962,0
1524,IMP,1962,2
1525,IMP,1962,0
1526,IMP,1962,28
1527,IMP,1962,0
1528,IMP,1962,0
1529,IMP,1962,0
1530,IMP,1962,3
1531,IMP,1962,0
1532,IMP,1962,1
1533,IMP,1962,0
1534,IMP,1962,0
1535,IMP,1962,0
1536,IMP,1962,0
1537,IMP,1962,1
1538,IMP,1967,0
1539,IMP,1967,2
1540,IMP,1967,3
1541,IMP,1967,1
1542,IMP,1967,0
1543,IMP,1967,0
1544,IMP,1967,4
1545,IMP,1967,1
1546,IMP,1967,6
1547,IMP,1967,0
1548,IMP,1967,3
1549,IMP,1967,0
1550,IMP,1967,0
1551,IMP,1967,0
1552,IMP,1967,0
1553,IMP,1967,4
1554,IMP,1967,1
1555,IMP,1967,0
1556,IMP,1967,0
1557,IMP,1967,0
1558,IMP,1967,0
1559,IMP,1967,0
1560,IMP,1967,1
1561,IMP,1967,1
1562,IMP,1967,0
1563,IMP,1967,0
1564,IMP,1967,0
1565,IMP,1967,3
1566,IMP,1967,3
1567,IMP,1967,0
1568,IMP,1967,1
1569,IMP,1967,2
1570,IMP,1967,0
1571,IMP,1967,0
1572,IMP,1967,0
1573,IMP,1967,1
1574,IMP,1967,1
1575,IMP,1967,2
1576,IMP,1967,0
1577,IMP,1967,1
1578,IMP,1967,3
1579,IMP,1967,1
1580,IMP,1967,0
1581,IMP,1967,0
1582,IMP,1967,2
1583,IMP,1967,0
1584,IMP,1967,0
1585,IMP,1967,0
1586,IMP,1967,3
1587,IMP,1967,0
1588,IMP,1967,0
1589,IMP,1967,1
1590,IMP,1967,0
1591,IMP,1967,0
1592,IMP,1967,1
1593,IMP,1967,0
1594,IMP,1967,1
1595,IMP,1967,0
1596,IMP,1967,0
1597,IMP,1967,0
1598,IMP,1967,3
1599,IMP,1967,0
1600,IMP,1967,1
1601,IMP,1967,0
1602,IMP,1967,0
1603,IMP,1967,0
1604,IMP,1967,19
1605,IMP,1967,0
1606,IMP,1967,0
1607,IMP,1967,1
1608,IMP,1967,0
1609,IMP,1967,1
1610,IMP,1967,0
1611,IMP,1967,2
1612,IMP,1967,0
1613,IMP,1967,1
1614,IMP,1967,5
1615,IMP,1967,0
1616,IMP,1967,0
1617,IMP,1967,0
1618,IMP,1967,3
1619,IMP,1967,1
1620,IMP,1967,1
1621,IMP,1967,0
1622,IMP,1972,2
1623,IMP,1972,3
1624,IMP,1972,4
1625,IMP,1972,1
1626,IMP,1972,1
1627,IMP,1972,10
1628,IMP,1972,1
1629,IMP,1972,0
1630,IMP,1972,1
1631,IMP,1972,0
1632,IMP,1972,0
1633,IMP,1972,0
1634,IMP,1972,0
1635,IMP,1972,1
1636,IMP,1972,1
1637,IMP,1972,0
1638,IMP,1972,0
1639,IMP,1972,0
1640,IMP,1972,1
1641,IMP,1972,0
1642,IMP,1972,1
1643,IMP,1972,0
1644,IMP,1972,1
1645,IMP,1972,0
1646,IMP,1972,0
1647,IMP,1972,0
1648,IMP,1972,0
1649,IMP,1972,0
1650,IMP,1972,2
1651,IMP,1972,0
1652,IMP,1972,0
1653,IMP,1972,0
1654,IMP,1972,0
1655,IMP,1972,0
1656,IMP,1972,0
1657,IMP,1972,0
1658,IMP,1972,0
1659,IMP,1972,0
1660,IMP,1972,3
1661,IMP,1972,1
1662,IMP,1972,2
1663,IMP,1972,0
1664,IMP,1972,0
1665,IMP,1972,2
1666,IMP,1972,0
1667,IMP,1972,0
1668,IMP,1972,2
1669,IMP,1972,2
1670,IMP,1972,2
1671,IMP,1972,2
1672,IMP,1972,2
1673,IMP,1972,0
1674,IMP,1972,1
1675,IMP,1972,0
1676,IMP,1972,0
1677,IMP,1972,1
1678,IMP,1972,0
1679,IMP,1972,1
1680,IMP,1972,0
1681,IMP,1972,1
1682,IMP,1972,0
1683,IMP,1972,0
1684,IMP,1972,1
1685,IMP,1972,1
1686,IMP,1972,0
1687,IMP,1972,0
1688,IMP,1972,0
1689,IMP,1972,0
1690,IMP,1972,1
1691,IMP,1972,0
1692,IMP,1972,0
1693,IMP,1972,0
1694,IMP,1972,1
1695,IMP,1972,2
1696,IMP,1972,0
1697,IMP,1972,0
1698,IMP,1972,1
1699,IMP,1972,2
1700,IMP,1972,2
1701,IMP,1972,0
1702,IMP,1972,1
1703,IMP,1972,2
1704,IMP,1972,1
1705,IMP,1972,0
1706,IMP,1972,0
1707,IMP,1972,0
1708,IMP,1972,1
1709,IMP,1972,1
1710,IMP,1972,1
1711,IMP,1972,2
1712,IMP,1972,0
1713,IMP,1972,1
1714,IMP,1972,0
1715,IMP,1972,1
1716,IMP,1972,2
1717,IMP,1972,2
1718,IMP,1972,0
1719,IMP,1972,0
1720,IMP,1972,0
1721,IMP,1972,0
1722,IMP,1977,0
1723,IMP,1977,4
1724,IMP,1977,9
1725,IMP,1977,0
1726,IMP,1977,7
1727,IMP,1977,0
1728,IMP,1977,0
1729,IMP,1977,1
1730,IMP,1977,0
1731,IMP,1977,0
1732,IMP,1977,0
1733,IMP,1977,0
1734,IMP,1977,0
1735,IMP,1977,0
1736,IMP,1977,5
1737,IMP,1977,0
1738,IMP,1977,2
1739,IMP,1977,0
1740,IMP,1977,1
1741,IMP,1977,2
1742,IMP,1977,1
1743,IMP,1977,0
1744,IMP,1977,0
1745,IMP,1977,0
1746,IMP,1977,2
1747,IMP,1977,0
1748,IMP,1977,0
1749,IMP,1977,0
1750,IMP,1977,0
1751,IMP,1977,1
1752,IMP,1977,2
1753,IMP,1977,1
1754,IMP,1977,0
1755,IMP,1977,0
1756,IMP,1977,0
1757,IMP,1977,0
1758,IMP,1977,5
1759,IMP,1977,3
1760,IMP,1977,0
1761,IMP,1977,0
1762,IMP,1977,0
1763,IMP,1977,1
1764,IMP,1977,0
1765,IMP,1977,0
1766,IMP,1977,3
1767,IMP,1977,0
1768,IMP,1977,0
1769,IMP,1977,0
1770,IMP,1977,0
1771,IMP,1977,0
1772,IMP,1977,2
1773,IMP,1977,8
1774,IMP,1977,1
1775,IMP,1977,0
1776,IMP,1977,0
1777,IMP,1977,0
1778,IMP,1977,1
1779,IMP,1977,1
1780,IMP,1977,6
1781,IMP,1977,1
1782,IMP,1977,0
1783,IMP,1977,0
1784,IMP,1977,17
1785,IMP,1977,0
1786,IMP,1977,0
1787,IMP,1977,0
1788,IMP,1977,1
1789,IMP,1977,2
1790,IMP,1977,0
1791,IMP,1977,0
1792,IMP,1977,0
1793,IMP,1977,0
1794,IMP,1977,0
1795,IMP,1977,2
1796,IMP,1977,17
1797,IMP,1977,0
1798,IMP,1977,1
1799,IMP,1977,0
1800,IMP,1977,0
1801,IMP,1977,0
1802,IMP,1977,0
1803,IMP,1977,2
1804,IMP,1977,0
1805,IMP,1977,0
1806,IMP,1977,0
1807,IMP,1977,0
1808,IMP,1977,0
1809,IMP,1977,1
1810,IMP,1977,0
1811,IMP,1977,3
1812,IMP,1977,0
1813,IMP,1977,0
1814,IMP,1977,3
1815,IMP,1977,1
1816,IMP,1977,4
1817,IMP,1977,0
1818,IMP,1977,0
1819,IMP,1977,0
1820,IMP,1977,0
1821,IMP,1977,0
1822,IMP,1982,1
1823,IMP,1982,0
1824,IMP,1982,0
1825,IMP,1982,2
1826,IMP,1982,0
1827,IMP,1982,0
1828,IMP,1982,0
1829,IMP,1982,2
1830,IMP,1982,0
1831,IMP,1982,0
1832,IMP,1982,1
1833,IMP,1982,1
1834,IMP,1982,0
1835,IMP,1982,0
1836,IMP,1982,3
1837,IMP,1982,0
1838,IMP,1982,3
1839,IMP,1982,0
1840,IMP,1982,0
1841,IMP,1982,0
1842,IMP,1982,0
1843,IMP,1982,0
1844,IMP,1982,0
1845,IMP,1982,0
1846,IMP,1982,0
1847,IMP,1982,0
1848,IMP,1982,2
1849,IMP,1982,0
1850,IMP,1982,0
1851,IMP,1982,0
1852,IMP,1982,0
1853,IMP,1982,1
1854,IMP,1982,10
1855,IMP,1982,10
1856,IMP,1982,5
1857,IMP,1982,1
1858,IMP,1982,0
1859,IMP,1982,1
1860,IMP,1982,17
1861,IMP,1982,0
1862,IMP,1982,3
1863,IMP,1982,3
1864,IMP,1982,1
1865,IMP,1982,0
1866,IMP,1982,10
1867,IMP,1982,0
1868,IMP,1982,0
1869,IMP,1982,0
1870,IMP,1982,0
1871,IMP,1982,1
1872,IMP,1982,0
1873,IMP,1982,1
1874,IMP,1982,0
1875,IMP,1982,0
1876,IMP,1982,0
1877,IMP,1982,0
1878,IMP,1982,1
1879,IMP,1982,1
1880,IMP,1982,0
1881,IMP,1982,1
1882,IMP,1982,9
1883,IMP,1982,2
1884,IMP,1982,0
1885,IMP,1982,2
1886,IMP,1982,1
1887,IMP,1982,9
1888,IMP,1982,1
1889,IMP,1982,0
1890,IMP,1982,0
1891,IMP,1982,1
1892,IMP,1982,1
1893,IMP,1982,0
1894,IMP,1982,33
1895,IMP,1982,0
1896,IMP,1982,2
1897,IMP,1982,0
1898,IMP,1982,0
1899,IMP,1982,0
1900,IMP,1982,1
1901,IMP,1982,0
1902,IMP,1982,1
1903,IMP,1982,1
1904,IMP,1982,4
1905,IMP,1982,2
1906,IMP,1982,0
1907,IMP,1982,1
1908,IMP,1982,0
1909,IMP,1982,1
1910,IMP,1982,0
1911,IMP,1982,2
1912,IMP,1987,9
1913,IMP,1987,0
1914,IMP,1987,0
1915,IMP,1987,1
1916,IMP,1987,3
1917,IMP,1987,0
1918,IMP,1987,1
1919,IMP,1987,1
1920,IMP,1987,0
1921,IMP,1987,2
1922,IMP,1987,0
1923,IMP,1987,0
1924,IMP,1987,2
1925,IMP,1987,1
1926,IMP,1987,2
1927,IMP,1987,0
1928,IMP,1987,1
1929,IMP,1987,0
1930,IMP,1987,5
1931,IMP,1987,0
1932,IMP,1987,0
1933,IMP,1987,0
1934,IMP,1987,0
1935,IMP,1987,0
1936,IMP,1987,0
1937,IMP,1987,1
1938,IMP,1987,1
1939,IMP,1987,0
1940,IMP,1987,1
1941,IMP,1987,0
1942,IMP,1987,0
1943,IMP,1987,3
1944,IMP,1987,2
1945,IMP,1987,2
1946,IMP,1987,1
1947,IMP,1987,5
1948,IMP,1987,6
1949,IMP,1987,2
1950,IMP,1987,33
1951,IMP,1987,1
1952,IMP,1987,4
1953,IMP,1987,2
1954,IMP,1987,0
1955,IMP,1987,0
1956,IMP,1987,1
1957,IMP,1987,2
1958,IMP,1987,2
1959,IMP,1987,1
1960,IMP,1987,0
1961,IMP,1987,1
1962,IMP,1987,0
1963,IMP,1987,0
1964,IMP,1987,0
1965,IMP,1987,1
1966,IMP,1987,0
1967,IMP,1987,1
1968,IMP,1987,0
1969,IMP,1987,1
1970,IMP,1987,1
1971,IMP,1987,0
1972,IMP,1987,2
1973,IMP,1987,1
1974,IMP,1987,2
1975,IMP,1987,0
1976,IMP,1987,0
1977,IMP,1987,0
1978,IMP,1987,1
1979,IMP,1987,1
1980,IMP,1987,0
1981,IMP,1987,1
1982,IMP,1987,2
1983,IMP,1987,2
1984,IMP,1987,0
1985,IMP,1987,5
1986,IMP,1987,3
1987,IMP,1987,2
1988,IMP,1987,0
1989,IMP,1987,0
1990,IMP,1987,0
1991,IMP,1987,0
1992,IMP,1987,0
1993,IMP,1987,0
1994,IMP,1987,0
1995,IMP,1987,0
1996,IMP,1987,0
1997,IMP,1987,2
1998,IMP,1987,5
1999,IMP,1987,1
2000,IMP,1987,5
2001,IMP,1987,0
2002,IMP,1987,11
2003,IMP,1987,4
2004,IMP,1987,3
2005,IMP,1987,0
2006,IMP,1987,1
2007,IMP,1987,1
2008,IMP,1987,0
2009,IMP,1987,0
2010,IMP,1987,1
2011,IMP,1987,1
2012,IMP,1987,0
2013,IMP,1987,0
2014,IMP,1987,0
2015,IMP,1987,2
2016,IMP,1987,0
2017,IMP,1987,0
2018,IMP,1987,2
2019,IMP,1987,0
2020,IMP,1987,3
2021,IMP,1987,3
2022,IMP,1987,6
2023,IMP,1987,2
2024,IMP,1987,0
2025,IMP,1987,8
2026,IMP,1987,0
2027,IMP,1987,0
2028,IMP,1987,1
2029,IMP,1987,0
2030,IMP,1987,0
2031,IMP,1987,0
2032,IMP,1992,1
2033,IMP,1992,0
2034,IMP,1992,0
2035,IMP,1992,0
2036,IMP,1992,0
2037,IMP,1992,0
2038,IMP,1992,0
2039,IMP,1992,0
2040,IMP,1992,0
2041,IMP,1992,0
2042,IMP,1992,0
2043,IMP,1992,1
2044,IMP,1992,1
2045,IMP,1992,0
2046,IMP,1992,1
2047,IMP,1992,1
2048,IMP,1992,0
2049,IMP,1992,0
2050,IMP,1992,0
2051,IMP,1992,0
2052,IMP,1992,1
2053,IMP,1992,2
2054,IMP,1992,0
2055,IMP,1992,0
2056,IMP,1992,2
2057,IMP,1992,0
2058,IMP,1992,0
2059,IMP,1992,0
2060,IMP,1992,0
2061,IMP,1992,0
2062,IMP,1992,1
2063,IMP,1992,1
2064,IMP,1992,2
2065,IMP,1992,0
2066,IMP,1992,0
2067,IMP,1992,0
2068,IMP,1992,0
2069,IMP,1992,0
2070,IMP,1992,0
2071,IMP,1992,0
2072,IMP,1992,0
2073,IMP,1992,0
2074,IMP,1992,1
2075,IMP,1992,0
2076,IMP,1992,0
2077,IMP,1992,2
2078,IMP,1992,0
2079,IMP,1992,1
2080,IMP,1992,12
2081,IMP,1992,1
2082,IMP,1992,1
2083,IMP,1992,0
2084,IMP,1992,0
2085,IMP,1992,1
2086,IMP,1992,2
2087,IMP,1992,0
2088,IMP,1992,1
2089,IMP,1992,0
2090,IMP,1992,3
2091,IMP,1992,3
2092,IMP,1992,0
2093,IMP,1992,1
2094,IMP,1992,0
2095,IMP,1992,1
2096,IMP,1992,0
2097,IMP,1992,1
2098,IMP,1992,0
2099,IMP,1992,1
2100,IMP,1992,0
2101,IMP,1992,0
2102,IMP,1992,1
2103,IMP,1992,0
2104,IMP,1992,1
2105,IMP,1992,8
2106,IMP,1992,3
2107,IMP,1992,6
2108,IMP,1992,3
2109,IMP,1992,0
2110,IMP,1992,2
2111,IMP,1992,1
2112,IMP,1992,1
2113,IMP,1992,0
2114,IMP,1992,3
2115,IMP,1992,4
2116,IMP,1992,3
2117,IMP,1992,0
2118,IMP,1992,2
2119,IMP,1992,0
2120,IMP,1992,1
2121,IMP,1992,0
2122,IMP,1992,1
2123,IMP,1992,1
2124,IMP,1992,1
2125,IMP,1992,0
2126,IMP,1992,0
2127,IMP,1992,2
2128,IMP,1992,0
2129,IMP,1992,1
2130,IMP,1997,4
2131,IMP,1997,0
2132,IMP,1997,7
2133,IMP,1997,0
2134,IMP,1997,0
2135,IMP,1997,6
2136,IMP,1997,0
2137,IMP,1997,1
2138,IMP,1997,1
2139,IMP,1997,0
2140,IMP,1997,4
2141,IMP,1997,0
2142,IMP,1997,2
2143,IMP,1997,0
2144,IMP,1997,3
2145,IMP,1997,0
2146,IMP,1997,1
2147,IMP,1997,2
2148,IMP,1997,2
2149,IMP,1997,3
2150,IMP,1997,0
2151,IMP,1997,0
2152,IMP,1997,0
2153,IMP,1997,0
2154,IMP,1997,0
2155,IMP,1997,1
2156,IMP,1997,0
2157,IMP,1997,0
2158,IMP,1997,2
2159,IMP,1997,0
2160,IMP,1997,0
2161,IMP,1997,0
2162,IMP,1997,5
2163,IMP,1997,1
2164,IMP,1997,0
2165,IMP,1997,0
2166,IMP,1997,0
2167,IMP,1997,1
2168,IMP,1997,3
2169,IMP,1997,1
2170,IMP,1997,0
2171,IMP,1997,1
2172,IMP,1997,1
2173,IMP,1997,2
2174,IMP,1997,0
2175,IMP,1997,1
2176,IMP,1997,0
2177,IMP,1997,0
2178,IMP,1997,0
2179,IMP,1997,1
2180,IMP,1997,3
2181,IMP,1997,0
2182,IMP,1997,0
2183,IMP,1997,1
2184,IMP,1997,2
2185,IMP,1997,2
2186,IMP,1997,1
2187,IMP,1997,0
2188,IMP,1997,1
2189,IMP,1997,0
2190,IMP,1997,1
2191,IMP,1997,0
2192,IMP,1997,1
2193,IMP,1997,1
2194,IMP,1997,0
2195,IMP,1997,0
2196,IMP,1997,0
2197,IMP,1997,6
2198,IMP,1997,2
2199,IMP,1997,1
2200,IMP,1997,2
2201,IMP,1997,4
2202,IMP,1997,2
2203,IMP,1997,0
2204,IMP,1997,7
2205,IMP,1997,0
2206,IMP,1997,1
2207,IMP,1997,3
2208,IMP,1997,2
2209,IMP,1997,1
2210,IMP,1997,3
2211,IMP,1997,5
2212,IMP,1997,1
2213,IMP,1997,0
2214,IMP,1997,1
2215,IMP,1997,4
2216,IMP,1997,0
2217,IMP,1997,0
2218,IMP,1997,0
2219,IMP,1997,0
2220,IMP,1997,0
2221,IMP,1997,0
2222,IMP,1997,2
2223,IMP,1997,0
2224,IMP,1997,0
2225,IMP,1997,0
2226,IMP,1997,0
2227,IMP,1997,0
2228,IMP,1997,3
2229,IMP,1997,0
2230,IMP,1997,0
2231,IMP,1997,0
2232,IMP,1997,0
2233,IMP,2002,4
2234,IMP,2002,5
2235,IMP,2002,11
2236,IMP,2002,0
2237,IMP,2002,1
2238,IMP,2002,8
2239,IMP,2002,4
2240,IMP,2002,1
2241,IMP,2002,4
2242,IMP,2002,0
2243,IMP,2002,1
2244,IMP,2002,17
2245,IMP,2002,0
2246,IMP,2002,0
2247,IMP,2002,4
2248,IMP,2002,0
2249,IMP,2002,0
2250,IMP,2002,2
2251,IMP,2002,1
2252,IMP,2002,0
2253,IMP,2002,1
2254,IMP,2002,2
2255,IMP,2002,2
2256,IMP,2002,3
2257,IMP,2002,0
2258,IMP,2002,4
2259,IMP,2002,0
2260,IMP,2002,1
2261,IMP,2002,6
2262,IMP,2002,3
2263,IMP,2002,1
2264,IMP,2002,1
2265,IMP,2002,1
2266,IMP,2002,0
2267,IMP,2002,0
2268,IMP,2002,0
2269,IMP,2002,1
2270,IMP,2002,2
2271,IMP,2002,2
2272,IMP,2002,1
2273,IMP,2002,0
2274,IMP,2002,1
2275,IMP,2002,2
2276,IMP,2002,0
2277,IMP,2002,2
2278,IMP,2002,0
2279,IMP,2002,5
2280,IMP,2002,0
2281,IMP,2002,1
2282,IMP,2002,0
2283,IMP,2002,0
2284,IMP,2002,0
2285,IMP,2002,1
2286,IMP,2002,0
2287,IMP,2002,2
2288,IMP,2002,0
2289,IMP,2002,0
2290,IMP,2002,2
2291,IMP,2002,5
2292,IMP,2002,11
2293,IMP,2002,3
2294,IMP,2002,1
2295,IMP,2002,4
2296,IMP,2002,5
2297,IMP,2002,1
2298,IMP,2002,0
2299,IMP,2002,1
2300,IMP,2002,0
2301,IMP,2002,3
2302,IMP,2002,0
2303,IMP,2002,1
2304,IMP,2002,0
2305,IMP,2002,3
2306,IMP,2002,2
2307,IMP,2002,2
2308,IMP,2002,0
2309,IMP,2002,0
2310,IMP,2002,8
2311,IMP,2002,5
2312,IMP,2002,0
2313,IMP,2002,0
2314,IMP,2002,0
2315,IMP,2002,4
2316,IMP,2002,0
2317,IMP,2002,11
2318,IMP,2002,1
2319,IMP,2002,2
2320,IMP,2002,0
2321,IMP,2002,3
2322,IMP,2002,6
2323,IMP,2002,3
2324,IMP,2002,1
2325,IMP,2002,4
2326,IMP,2002,0
2327,IMP,2002,1
2328,IMP,2002,0
2329,IMP,2002,8
2330,IMP,2002,2
2331,IMP,2002,5
2332,IMP,2002,0
2333,IMP,2002,7
2334,IMP,2002,0
2335,IMP,2002,11
2336,IMP,2002,0
2337,IMP,2002,0
2338,IMP,2002,1
2339,IMP,2002,4
2340,IMP,2002,7
2341,IMP,2002,2
2342,IMP,2002,0
2343,IMP,2002,0
2344,IMP,2002,0
2345,IMP,2007,4
2346,IMP,2007,0
2347,IMP,2007,9
2348,IMP,2007,5
2349,IMP,2007,2
2350,IMP,2007,8
2351,IMP,2007,4
2352,IMP,2007,0
2353,IMP,2007,1
2354,IMP,2007,1
2355,IMP,2007,7
2356,IMP,2007,3
2357,IMP,2007,0
2358,IMP,2007,8
2359,IMP,2007,3
2360,IMP,2007,4
2361,IMP,2007,9
2362,IMP,2007,4
2363,IMP,2007,1
2364,IMP,2007,0
2365,IMP,2007,2
2366,IMP,2007,0
2367,IMP,2007,3
2368,IMP,2007,5
2369,IMP,2007,0
2370,IMP,2007,1
2371,IMP,2007,0
2372,IMP,2007,0
2373,IMP,2007,0
2374,IMP,2007,10
2375,IMP,2007,10
2376,IMP,2007,3
2377,IMP,2007,5
2378,IMP,2007,1
2379,IMP,2007,5
2380,IMP,2007,3
2381,IMP,2007,6
2382,IMP,2007,1
2383,IMP,2007,0
2384,IMP,2007,2
2385,IMP,2007,10
2386,IMP,2007,3
2387,IMP,2007,1
2388,IMP,2007,4
2389,IMP,2007,10
2390,IMP,2007,2
2391,IMP,2007,4
2392,IMP,2007,4
2393,IMP,2007,5
2394,IMP,2007,6
2395,IMP,2007,3
2396,IMP,2007,2
2397,IMP,2007,2
2398,IMP,2007,1
2399,IMP,2007,3
2400,IMP,2007,5
2401,IMP,2007,14
2402,IMP,2007,0
2403,IMP,2007,6
2404,IMP,2007,0
2405,IMP,2007,2
2406,IMP,2007,7
2407,IMP,2007,13
2408,IMP,2007,3
2409,IMP,2007,11
2410,IMP,2007,1
2411,IMP,2007,10
2412,IMP,2007,5
2413,IMP,2007,3
2414,IMP,2007,3
2415,IMP,2007,2
2416,IMP,2007,4
2417,IMP,2007,28
2418,IMP,2007,8
2419,IMP,2007,5
2420,IMP,2007,0
2421,IMP,2007,0
2422,IMP,2007,1
2423,IMP,2007,0
2424,IMP,2007,0
2425,IMP,2007,1
2426,IMP,2007,1
2427,IMP,2007,8
2428,IMP,2007,5
2429,IMP,2007,9
2430,IMP,2007,2
2431,IMP,2007,4
2432,IMP,2007,6
2433,IMP,2007,1
2434,IMP,2007,2
2435,IMP,2007,4
2436,IMP,2007,0
2437,IMP,2007,1
2438,IMP,2007,1
2439,IMP,2007,0
2440,IMP,2007,0
2441,IMP,2007,20
2442,IMP,2007,0
2443,IMP,2007,0
2444,IMP,2007,1
2445,IMP,2007,8
2446,IMP,2007,6
2447,IMP,2007,4
2448,IMP,2007,4
2449,IMP,2012,3
2450,IMP,2012,0
2451,IMP,2012,0
2452,IMP,2012,11
2453,IMP,2012,2
2454,IMP,2012,0
2455,IMP,2012,1
2456,IMP,2012,0
2457,IMP,2012,3
2458,IMP,2012,5
2459,IMP,2012,6
2460,IMP,2012,0
2461,IMP,2012,9
2462,IMP,2012,18
2463,IMP,2012,1
2464,IMP,2012,5
2465,IMP,2012,1
2466,IMP,2012,0
2467,IMP,2012,4
2468,IMP,2012,1
2469,IMP,2012,0
2470,IMP,2012,0
2471,IMP,2012,3
2472,IMP,2012,1
2473,IMP,2012,3
2474,IMP,2012,18
2475,IMP,2012,2
2476,IMP,2012,1
2477,IMP,2012,5
2478,IMP,2012,0
2479,IMP,2012,2
2480,IMP,2012,1
2481,IMP,2012,14
2482,IMP,2012,1
2483,IMP,2012,1
2484,IMP,2012,0
2485,IMP,2012,1
2486,IMP,2012,5
2487,IMP,2012,12
2488,IMP,2012,1
2489,IMP,2012,1
2490,IMP,2012,0
2491,IMP,2012,0
2492,IMP,2012,0
2493,IMP,2012,3
2494,IMP,2012,2
2495,IMP,2012,2
2496,IMP,2012,8
2497,IMP,2012,1
2498,IMP,2012,2
2499,IMP,2012,9
2500,IMP,2012,0
2501,IMP,2012,0
2502,IMP,2012,1
2503,IMP,2012,2
2504,IMP,2012,1
2505,IMP,2012,6
2506,IMP,2012,5
2507,IMP,2012,2
2508,IMP,2012,3
2509,IMP,2012,7
2510,IMP,2012,0
2511,IMP,2012,0
2512,IMP,2012,5
2513,IMP,2012,10
2514,IMP,2012,0
2515,IMP,2012,26
2516,IMP,2012,0
2517,IMP,2012,4
2518,IMP,2012,0
2519,IMP,2012,7
2520,IMP,2012,1
2521,IMP,2012,4
2522,IMP,2012,14
2523,IMP,2012,3
2524,IMP,2012,1
2525,IMP,2012,9
2526,IMP,2012,3
2527,IMP,2012,2
2528,IMP,2012,3
2529,IMP,2012,1
2530,IMP,2012,4
2531,IMP,2012,1
2532,IMP,2012,4
2533,IMP,2012,4
2534,IMP,2012,2
2535,IMP,2012,36
2536,IMP,2012,0
2537,IMP,2012,0
2538,IMP,2012,0
2539,IMP,2012,2
2540,IMP,2012,2
2541,IMP,2017,6
2542,IMP,2017,1
2543,IMP,2017,0
2544,IMP,2017,2
2545,IMP,2017,0
2546,IMP,2017,5
2547,IMP,2017,5
2548,IMP,2017,2
2549,IMP,2017,49
2550,IMP,2017,2
2551,IMP,2017,4
2552,IMP,2017,27
2553,IMP,2017,11
2554,IMP,2017,1
2555,IMP,2017,1
2556,IMP,2017,1
2557,IMP,2017,2
2558,IMP,2017,1
2559,IMP,2017,0
2560,IMP,2017,4
2561,IMP,2017,0
2562,IMP,2017,2
2563,IMP,2017,13
2564,IMP,2017,3
2565,IMP,2017,6
2566,IMP,2017,0
2567,IMP,2017,4
2568,IMP,2017,2
2569,IMP,2017,4
2570,IMP,2017,0
2571,IMP,2017,1
2572,IMP,2017,1
2573,IMP,2017,1
2574,IMP,2017,2
2575,IMP,2017,4
2576,IMP,2017,1
2577,IMP,2017,5
2578,IMP,2017,0
2579,IMP,2017,5
2580,IMP,2017,7
2581,IMP,2017,0
2582,IMP,2017,0
2583,IMP,2017,0
2584,IMP,2017,0
2585,IMP,2017,8
2586,IMP,2017,0
2587,IMP,2017,4
2588,IMP,2017,13
2589,IMP,2017,8
2590,IMP,2017,4
2591,IMP,2017,4
2592,IMP,2017,1
2593,IMP,2017,0
2594,IMP,2017,1
2595,IMP,2017,1
2596,IMP,2017,6
2597,IMP,2017,0
2598,IMP,2017,7
2599,IMP,2017,4
2600,IMP,2017,0
2601,IMP,2017,2
2602,IMP,2017,6
2603,IMP,2017,2
2604,IMP,2017,1
2605,IMP,2017,4
2606,IMP,2017,0
2607,IMP,2017,0
2608,IMP,2017,2
2609,IMP,2017,4
2610,IMP,2017,0
2611,IMP,2017,2
2612,IMP,2017,1
2613,IMP,2017,2
2614,IMP,2017,5
2615,IMP,2017,4
2616,IMP,2017,2
2617,IMP,2017,2
2618,IMP,2017,7
2619,IMP,2017,3
2620,IMP,2017,3
2621,IMP,2017,1
2622,IMP,2017,2
2623,IMP,2017,6
2624,IMP,2017,3
2625,IMP,2017,5
2626,IMP,2017,3
2627,IMP,2017,1
2628,IMP,2017,2
2629,IMP,2017,1
2630,IMP,2017,12
2631,IMP,2017,4
2632,IMP,2017,6
2633,IMP,2017,9
2634,IMP,2017,1
2635,IMP,2017,0
2636,IMP,2017,1
2637,JDG,1826,0
2638,JDG,1826,0
2639,JDG,1826,0
2640,JDG,1826,0
2641,JDG,1826,0
2642,JDG,1826,0
2643,JDG,1826,0
2644,JDG,1826,0
2645,JDG,1826,0
2646,JDG,1826,0
2647,JDG,1826,0
2648,JDG,1826,0
2649,JDG,1829,0
2650,JDG,1829,0
2651,JDG,1829,0
2652,JDG,1829,0
2653,JDG,1829,0
2654,JDG,1829,0
2655,JDG,1829,0
2656,JDG,1829,0
2657,JDG,1829,0
2658,JDG,1829,0
2659,JDG,1829,0
2660,JDG,1829,0
2661,JDG,1829,0
2662,JDG,1829,0
2663,JDG,1831,0
2664,JDG,1831,0
2665,JDG,1831,0
2666,JDG,1831,0
2667,JDG,1831,0
2668,JDG,1831,0
2669,JDG,1831,0
2670,JDG,1831,0
2671,JDG,1831,0
2672,JDG,1831,0
2673,JDG,1831,0
2674,JDG,1831,0
2675,JDG,1831,0
2676,JDG,1831,0
2677,JDG,1834,0
2678,JDG,1834,0
2679,JDG,1834,0
2680,JDG,1834,0
2681,JDG,1834,0
2682,JDG,1834,0
2683,JDG,1834,0
2684,JDG,1834,0
2685,JDG,1834,0
2686,JDG,1834,0
2687,JDG,1834,0
2688,JDG,1834,0
2689,JDG,1834,0
2690,JDG,1834,0
2691,JDG,1834,0
2692,JDG,1834,1
2693,JDG,1834,0
2694,JDG,1834,0
2695,JDG,1834,0
2696,JDG,1834,0
2697,JDG,1834,0
2698,JDG,1834,0
2699,JDG,1834,0
2700,JDG,1834,0
2701,JDG,1836,0
2702,JDG,1836,0
2703,JDG,1836,0
2704,JDG,1836,0
2705,JDG,1836,0
2706,JDG,1836,0
2707,JDG,1836,0
2708,JDG,1836,0
2709,JDG,1836,0
2710,JDG,1836,0
2711,JDG,1836,0
2712,JDG,1836,0
2713,JDG,1836,0
2714,JDG,1836,0
2715,JDG,1836,0
2716,JDG,1836,0
2717,JDG,1840,0
2718,JDG,1840,0
2719,JDG,1840,0
2720,JDG,1840,0
2721,JDG,1840,0
2722,JDG,1840,0
2723,JDG,1840,0
2724,JDG,1840,0
2725,JDG,1840,0
2726,JDG,1840,0
2727,JDG,1840,0
2728,JDG,1840,0
2729,JDG,1842,0
2730,JDG,1842,0
2731,JDG,1842,0
2732,JDG,1842,0
2733,JDG,1842,0
2734,JDG,1842,0
2735,JDG,1842,0
2736,JDG,1842,0
2737,JDG,1842,0
2738,JDG,1842,0
2739,JDG,1842,0
2740,JDG,1842,0
2741,JDG,1845,0
2742,JDG,1845,0
2743,JDG,1845,0
2744,JDG,1845,0
2745,JDG,1845,0
2746,JDG,1845,0
2747,JDG,1845,0
2748,JDG,1845,0
2749,JDG,1845,0
2750,JDG,1845,0
2751,JDG,1845,0
2752,JDG,1845,1
2753,JDG,1847,0
2754,JDG,1847,0
2755,JDG,1847,0
2756,JDG,1847,0
2757,JDG,1847,0
2758,JDG,1847,0
2759,JDG,1847,0
2760,JDG,1847,0
2761,JDG,1847,0
2762,JDG,1847,0
2763,JDG,1847,0
2764,JDG,1847,0
2765,JDG,1847,0
2766,JDG,1847,0
2767,JDG,1850,0
2768,JDG,1850,0
2769,JDG,1850,0
2770,JDG,1850,0
2771,JDG,1850,0
2772,JDG,1850,0
2773,JDG,1850,0
2774,JDG,1850,0
2775,JDG,1850,0
2776,JDG,1850,0
2777,JDG,1850,0
2778,JDG,1850,0
2779,JDG,1852,0
2780,JDG,1852,0
2781,JDG,1852,0
2782,JDG,1852,0
2783,JDG,1852,0
2784,JDG,1852,0
2785,JDG,1852,0
2786,JDG,1852,0
2787,JDG,1852,1
2788,JDG,1852,0
2789,JDG,1852,0
2790,JDG,1852,0
2791,JDG,1855,0
2792,JDG,1855,0
2793,JDG,1855,0
2794,JDG,1855,0
2795,JDG,1855,0
2796,JDG,1855,0
2797,JDG,1855,0
2798,JDG,1855,0
2799,JDG,1855,0
2800,JDG,1855,0
2801,JDG,1855,0
2802,JDG,1855,0
2803,JDG,1857,0
2804,JDG,1857,0
2805,JDG,1857,0
2806,JDG,1857,0
2807,JDG,1857,0
2808,JDG,1857,0
2809,JDG,1857,0
2810,JDG,1857,0
2811,JDG,1857,0
2812,JDG,1857,0
2813,JDG,1857,0
2814,JDG,1857,1
2815,JDG,1860,0
2816,JDG,1860,0
2817,JDG,1860,0
2818,JDG,1860,0
2819,JDG,1860,0
2820,JDG,1860,0
2821,JDG,1860,0
2822,JDG,1860,0
2823,JDG,1860,0
2824,JDG,1860,2
2825,JDG,1862,0
2826,JDG,1862,0
2827,JDG,1862,0
2828,JDG,1862,0
2829,JDG,1862,0
2830,JDG,1862,0
2831,JDG,1862,0
2832,JDG,1862,0
2833,JDG,1862,0
2834,JDG,1862,0
2835,JDG,1862,0
2836,JDG,1862,1
2837,JDG,1865,0
2838,JDG,1865,0
2839,JDG,1865,0
2840,JDG,1865,0
2841,JDG,1865,0
2842,JDG,1865,0
2843,JDG,1865,0
2844,JDG,1865,0
2845,JDG,1865,0
2846,JDG,1865,0
2847,JDG,1865,0
2848,JDG,1865,0
2849,JDG,1865,0
2850,JDG,1865,0
2851,JDG,1867,0
2852,JDG,1867,0
2853,JDG,1867,0
2854,JDG,1867,0
2855,JDG,1867,0
2856,JDG,1867,0
2857,JDG,1867,0
2858,JDG,1867,0
2859,JDG,1867,0
2860,JDG,1867,1
2861,JDG,1867,0
2862,JDG,1867,0
2863,JDG,1870,0
2864,JDG,1870,0
2865,JDG,1870,1
2866,JDG,1870,0
2867,JDG,1870,0
2868,JDG,1870,0
2869,JDG,1870,0
2870,JDG,1870,0
2871,JDG,1870,0
2872,JDG,1870,0
2873,JDG,1870,0
2874,JDG,1870,0
2875,JDG,1872,0
2876,JDG,1872,0
2877,JDG,1872,0
2878,JDG,1872,0
2879,JDG,1872,4
2880,JDG,1872,0
2881,JDG,1872,0
2882,JDG,1872,0
2883,JDG,1872,0
2884,JDG,1872,0
2885,JDG,1872,0
2886,JDG,1872,0
2887,JDG,1872,0
2888,JDG,1872,0
2889,JDG,1875,0
2890,JDG,1875,0
2891,JDG,1875,0
2892,JDG,1875,0
2893,JDG,1875,0
2894,JDG,1875,0
2895,JDG,1875,0
2896,JDG,1875,0
2897,JDG,1875,0
2898,JDG,1875,0
2899,JDG,1875,0
2900,JDG,1875,0
2901,JDG,1877,0
2902,JDG,1877,0
2903,JDG,1877,0
2904,JDG,1877,0
2905,JDG,1877,0
2906,JDG,1877,0
2907,JDG,1877,0
2908,JDG,1877,0
2909,JDG,1880,0
2910,JDG,1880,0
2911,JDG,1880,0
2912,JDG,1880,0
2913,JDG,1880,0
2914,JDG,1880,0
2915,JDG,1880,0
2916,JDG,1880,0
2917,JDG,1880,1
2918,JDG,1880,0
2919,JDG,1880,0
2920,JDG,1880,1
2921,JDG,1882,1
2922,JDG,1882,0
2923,JDG,1882,0
2924,JDG,1882,0
2925,JDG,1882,0
2926,JDG,1882,0
2927,JDG,1882,0
2928,JDG,1882,0
2929,JDG,1882,0
2930,JDG,1882,0
2931,JDG,1882,0
2932,JDG,1882,0
2933,JDG,1885,0
2934,JDG,1885,0
2935,JDG,1885,0
2936,JDG,1885,1
2937,JDG,1885,0
2938,JDG,1885,0
2939,JDG,1885,0
2940,JDG,1885,0
2941,JDG,1885,0
2942,JDG,1885,0
2943,JDG,1885,0
2944,JDG,1885,0
2945,JDG,1887,0
2946,JDG,1887,0
2947,JDG,1887,0
2948,JDG,1887,2
2949,JDG,1887,0
2950,JDG,1887,0
2951,JDG,1887,0
2952,JDG,1887,0
2953,JDG,1887,0
2954,JDG,1887,0
2955,JDG,1887,0
2956,JDG,1887,0
2957,JDG,1887,0
2958,JDG,1887,0
2959,JDG,1890,0
2960,JDG,1890,0
2961,JDG,1890,0
2962,JDG,1890,0
2963,JDG,1890,0
2964,JDG,1890,0
2965,JDG,1890,0
2966,JDG,1890,0
2967,JDG,1890,0
2968,JDG,1890,0
2969,JDG,1890,0
2970,JDG,1890,0
2971,JDG,1892,0
2972,JDG,1892,0
2973,JDG,1892,0
2974,JDG,1892,1
2975,JDG,1892,0
2976,JDG,1892,0
2977,JDG,1892,0
2978,JDG,1892,0
2979,JDG,1892,0
2980,JDG,1892,0
2981,JDG,1892,0
2982,JDG,1892,0
2983,JDG,1895,0
2984,JDG,1895,0
2985,JDG,1895,0
2986,JDG,1895,0
2987,JDG,1895,0
2988,JDG,1895,0
2989,JDG,1895,0
2990,JDG,1895,0
2991,JDG,1895,0
2992,JDG,1895,0
2993,JDG,1895,0
2994,JDG,1895,0
2995,JDG,1895,0
2996,JDG,1895,0
2997,JDG,1897,0
2998,JDG,1897,0
2999,JDG,1897,0
3000,JDG,1897,0
3001,JDG,1897,0
3002,JDG,1897,0
3003,JDG,1897,0
3004,JDG,1897,0
3005,JDG,1897,0
3006,JDG,1897,0
3007,JDG,1897,0
3008,JDG,1897,0
3009,JDG,1897,0
3010,JDG,1897,0
3011,JDG,1900,0
3012,JDG,1900,0
3013,JDG,1900,0
3014,JDG,1900,2
3015,JDG,1900,0
3016,JDG,1900,0
3017,JDG,1900,0
3018,JDG,1900,0
3019,JDG,1900,0
3020,JDG,1900,0
3021,JDG,1900,0
3022,JDG,1900,0
3023,JDG,1902,0
3024,JDG,1902,0
3025,JDG,1902,0
3026,JDG,1902,0
3027,JDG,1902,0
3028,JDG,1902,0
3029,JDG,1902,0
3030,JDG,1902,2
3031,JDG,1902,0
3032,JDG,1902,0
3033,JDG,1902,1
3034,JDG,1902,0
3035,JDG,1905,0
3036,JDG,1905,0
3037,JDG,1905,0
3038,JDG,1905,0
3039,JDG,1905,0
3040,JDG,1905,0
3041,JDG,1905,0
3042,JDG,1905,0
3043,JDG,1905,0
3044,JDG,1905,0
3045,JDG,1905,0
3046,JDG,1905,0
3047,JDG,1907,0
3048,JDG,1907,0
3049,JDG,1907,0
3050,JDG,1907,1
3051,JDG,1907,0
3052,JDG,1907,1
3053,JDG,1907,0
3054,JDG,1907,0
3055,JDG,1907,1
3056,JDG,1907,0
3057,JDG,1907,0
3058,JDG,1907,1
3059,JDG,1907,0
3060,JDG,1907,0
3061,JDG,1907,1
3062,JDG,1907,0
3063,JDG,1907,1
3064,JDG,1907,0
3065,JDG,1910,0
3066,JDG,1910,0
3067,JDG,1910,0
3068,JDG,1910,0
3069,JDG,1910,0
3070,JDG,1910,0
3071,JDG,1910,0
3072,JDG,1910,0
3073,JDG,1910,0
3074,JDG,1910,0
3075,JDG,1910,0
3076,JDG,1910,2
3077,JDG,1910,0
3078,JDG,1910,0
3079,JDG,1910,0
3080,JDG,1910,2
3081,JDG,1910,0
3082,JDG,1910,1
3083,JDG,1912,0
3084,JDG,1912,0
3085,JDG,1912,0
3086,JDG,1912,0
3087,JDG,1912,0
3088,JDG,1912,0
3089,JDG,1912,0
3090,JDG,1912,0
3091,JDG,1912,0
3092,JDG,1912,0
3093,JDG,1912,0
3094,JDG,1912,1
3095,JDG,1912,0
3096,JDG,1912,0
3097,JDG,1912,0
3098,JDG,1912,0
3099,JDG,1912,0
3100,JDG,1912,0
3101,JDG,1912,0
3102,JDG,1912,0
3103,JDG,1915,0
3104,JDG,1915,0
3105,JDG,1915,0
3106,JDG,1915,0
3107,JDG,1915,0
3108,JDG,1915,0
3109,JDG,1915,0
3110,JDG,1915,0
3111,JDG,1915,0
3112,JDG,1915,0
3113,JDG,1915,0
3114,JDG,1915,0
3115,JDG,1920,0
3116,JDG,1920,0
3117,JDG,1920,0
3118,JDG,1920,0
3119,JDG,1920,0
3120,JDG,1920,0
3121,JDG,1920,0
3122,JDG,1920,1
3123,JDG,1920,1
3124,JDG,1920,0
3125,JDG,1920,0
3126,JDG,1920,0
3127,JDG,1920,0
3128,JDG,1920,0
3129,JDG,1920,0
3130,JDG,1920,0
3131,JDG,1920,0
3132,JDG,1920,0
3133,JDG,1920,0
3134,JDG,1920,0
3135,JDG,1920,0
3136,JDG,1920,0
3137,JDG,1920,1
3138,JDG,1920,0
3139,JDG,1920,2
3140,JDG,1920,0
3141,JDG,1920,3
3142,JDG,1920,0
3143,JDG,1923,0
3144,JDG,1923,0
3145,JDG,1923,0
3146,JDG,1923,0
3147,JDG,1923,0
3148,JDG,1923,0
3149,JDG,1923,0
3150,JDG,1923,1
3151,JDG,1923,0
3152,JDG,1923,0
3153,JDG,1923,0
3154,JDG,1923,0
3155,JDG,1923,0
3156,JDG,1923,0
3157,JDG,1923,0
3158,JDG,1923,0
3159,JDG,1923,0
3160,JDG,1923,0
3161,JDG,1923,0
3162,JDG,1923,0
3163,JDG,1923,0
3164,JDG,1923,0
3165,JDG,1923,0
3166,JDG,1923,0
3167,JDG,1923,0
3168,JDG,1923,0
3169,JDG,1925,0
3170,JDG,1925,0
3171,JDG,1925,0
3172,JDG,1925,0
3173,JDG,1925,0
3174,JDG,1925,0
3175,JDG,1925,2
3176,JDG,1925,0
3177,JDG,1925,0
3178,JDG,1925,0
3179,JDG,1925,0
3180,JDG,1925,0
3181,JDG,1925,0
3182,JDG,1925,0
3183,JDG,1925,0
3184,JDG,1925,1
3185,JDG,1925,0
3186,JDG,1925,0
3187,JDG,1925,0
3188,JDG,1925,0
3189,JDG,1925,0
3190,JDG,1925,0
3191,JDG,1925,0
3192,JDG,1925,0
3193,JDG,1925,2
3194,JDG,1925,0
3195,JDG,1928,0
3196,JDG,1928,0
3197,JDG,1928,0
3198,JDG,1928,0
3199,JDG,1928,0
3200,JDG,1928,0
3201,JDG,1928,1
3202,JDG,1928,6
3203,JDG,1928,0
3204,JDG,1928,0
3205,JDG,1928,0
3206,JDG,1928,0
3207,JDG,1928,0
3208,JDG,1928,0
3209,JDG,1928,0
3210,JDG,1928,0
3211,JDG,1928,0
3212,JDG,1928,0
3213,JDG,1928,0
3214,JDG,1928,0
3215,JDG,1928,0
3216,JDG,1928,0
3217,JDG,1928,0
3218,JDG,1928,0
3219,JDG,1928,0
3220,JDG,1928,0
3221,JDG,1928,0
3222,JDG,1928,0
3223,JDG,1928,0
3224,JDG,1928,0
3225,JDG,1930,0
3226,JDG,1930,0
3227,JDG,1930,0
3228,JDG,1930,0
3229,JDG,1930,0
3230,JDG,1930,0
3231,JDG,1930,0
3232,JDG,1930,3
3233,JDG,1930,0
3234,JDG,1930,0
3235,JDG,1930,0
3236,JDG,1930,0
3237,JDG,1930,1
3238,JDG,1930,0
3239,JDG,1930,0
3240,JDG,1930,0
3241,JDG,1930,0
3242,JDG,1930,1
3243,JDG,1930,0
3244,JDG,1930,0
3245,JDG,1930,0
3246,JDG,1930,0
3247,JDG,1930,0
3248,JDG,1930,0
3249,JDG,1930,1
3250,JDG,1930,1
3251,JDG,1930,0
3252,JDG,1930,2
3253,JDG,1930,0
3254,JDG,1930,0
3255,JDG,1933,0
3256,JDG,1933,1
3257,JDG,1933,0
3258,JDG,1933,0
3259,JDG,1933,2
3260,JDG,1933,0
3261,JDG,1933,0
3262,JDG,1933,1
3263,JDG,1933,0
3264,JDG,1933,0
3265,JDG,1933,0
3266,JDG,1933,2
3267,JDG,1933,0
3268,JDG,1933,0
3269,JDG,1933,0
3270,JDG,1933,0
3271,JDG,1933,1
3272,JDG,1933,0
3273,JDG,1933,0
3274,JDG,1933,0
3275,JDG,1933,0
3276,JDG,1933,0
3277,JDG,1935,0
3278,JDG,1935,0
3279,JDG,1935,0
3280,JDG,1935,0
3281,JDG,1935,0
3282,JDG,1935,0
3283,JDG,1935,0
3284,JDG,1935,0
3285,JDG,1935,0
3286,JDG,1935,0
3287,JDG,1935,0
3288,JDG,1935,0
3289,JDG,1935,1
3290,JDG,1935,0
3291,JDG,1935,0
3292,JDG,1935,3
3293,JDG,1935,0
3294,JDG,1935,0
3295,JDG,1935,0
3296,JDG,1935,0
3297,JDG,1935,1
3298,JDG,1935,0
3299,JDG,1935,0
3300,JDG,1935,0
3301,JDG,1935,0
3302,JDG,1935,0
3303,JDG,1938,5
3304,JDG,1938,0
3305,JDG,1938,0
3306,JDG,1938,0
3307,JDG,1938,0
3308,JDG,1938,1
3309,JDG,1938,0
3310,JDG,1938,0
3311,JDG,1938,0
3312,JDG,1938,0
3313,JDG,1938,0
3314,JDG,1938,0
3315,JDG,1938,0
3316,JDG,1938,0
3317,JDG,1938,1
3318,JDG,1938,0
3319,JDG,1938,2
3320,JDG,1938,0
3321,JDG,1938,0
3322,JDG,1938,0
3323,JDG,1938,0
3324,JDG,1938,1
3325,JDG,1938,0
3326,JDG,1938,1
3327,JDG,1938,0
3328,JDG,1938,0
3329,JDG,1940,0
3330,JDG,1940,0
3331,JDG,1940,0
3332,JDG,1940,0
3333,JDG,1940,0
3334,JDG,1940,0
3335,JDG,1940,0
3336,JDG,1940,0
3337,JDG,1940,0
3338,JDG,1940,1
3339,JDG,1940,0
3340,JDG,1940,0
3341,JDG,1940,0
3342,JDG,1940,0
3343,JDG,1940,0
3344,JDG,1940,0
3345,JDG,1940,2
3346,JDG,1940,0
3347,JDG,1943,0
3348,JDG,1943,0
3349,JDG,1943,0
3350,JDG,1943,0
3351,JDG,1943,1
3352,JDG,1943,0
3353,JDG,1943,1
3354,JDG,1943,0
3355,JDG,1943,0
3356,JDG,1943,0
3357,JDG,1943,1
3358,JDG,1943,0
3359,JDG,1943,0
3360,JDG,1943,0
3361,JDG,1943,0
3362,JDG,1943,0
3363,JDG,1943,0
3364,JDG,1943,0
3365,JDG,1943,0
3366,JDG,1943,0
3367,JDG,1943,0
3368,JDG,1943,2
3369,JDG,1943,0
3370,JDG,1943,0
3371,JDG,1945,0
3372,JDG,1945,0
3373,JDG,1945,0
3374,JDG,1945,0
3375,JDG,1945,0
3376,JDG,1945,0
3377,JDG,1945,0
3378,JDG,1945,0
3379,JDG,1945,0
3380,JDG,1945,0
3381,JDG,1945,0
3382,JDG,1945,0
3383,JDG,1945,0
3384,JDG,1945,0
3385,JDG,1945,1
3386,JDG,1945,0
3387,JDG,1945,0
3388,JDG,1945,0
3389,JDG,1945,0
3390,JDG,1945,1
3391,JDG,1945,0
3392,JDG,1945,0
3393,JDG,1948,0
3394,JDG,1948,0
3395,JDG,1948,0
3396,JDG,1948,0
3397,JDG,1948,2
3398,JDG,1948,0
3399,JDG,1948,0
3400,JDG,1948,0
3401,JDG,1948,0
3402,JDG,1948,0
3403,JDG,1948,0
3404,JDG,1948,0
3405,JDG,1948,1
3406,JDG,1948,0
3407,JDG,1948,0
3408,JDG,1948,0
3409,JDG,1948,0
3410,JDG,1948,0
3411,JDG,1948,0
3412,JDG,1948,0
3413,JDG,1948,0
3414,JDG,1948,0
3415,JDG,1948,0
3416,JDG,1948,0
3417,JDG,1948,0
3418,JDG,1948,0
3419,JDG,1948,0
3420,JDG,1948,0
3421,JDG,1950,0
3422,JDG,1950,0
3423,JDG,1950,0
3424,JDG,1950,0
3425,JDG,1950,0
3426,JDG,1950,2
3427,JDG,1950,0
3428,JDG,1950,7
3429,JDG,1950,0
3430,JDG,1950,0
3431,JDG,1950,0
3432,JDG,1950,0
3433,JDG,1950,0
3434,JDG,1950,1
3435,JDG,1950,0
3436,JDG,1950,0
3437,JDG,1950,1
3438,JDG,1950,0
3439,JDG,1950,0
3440,JDG,1950,0
3441,JDG,1950,0
3442,JDG,1950,0
3443,JDG,1950,0
3444,JDG,1950,0
3445,JDG,1950,0
3446,JDG,1950,0
3447,JDG,1953,1
3448,JDG,1953,0
3449,JDG,1953,1
3450,JDG,1953,0
3451,JDG,1953,1
3452,JDG,1953,0
3453,JDG,1953,0
3454,JDG,1953,2
3455,JDG,1953,0
3456,JDG,1953,0
3457,JDG,1953,0
3458,JDG,1953,0
3459,JDG,1953,0
3460,JDG,1953,0
3461,JDG,1953,0
3462,JDG,1953,1
3463,JDG,1953,2
3464,JDG,1953,0
3465,JDG,1953,0
3466,JDG,1953,2
3467,JDG,1953,0
3468,JDG,1953,0
3469,JDG,1953,0
3470,JDG,1953,0
3471,JDG,1953,0
3472,JDG,1953,0
3473,JDG,1953,0
3474,JDG,1953,0
3475,JDG,1953,1
3476,JDG,1953,3
3477,JDG,1953,1
3478,JDG,1953,0
3479,JDG,1955,0
3480,JDG,1955,0
3481,JDG,1955,0
3482,JDG,1955,0
3483,JDG,1955,0
3484,JDG,1955,0
3485,JDG,1955,0
3486,JDG,1955,2
3487,JDG,1955,2
3488,JDG,1955,0
3489,JDG,1955,0
3490,JDG,1955,0
3491,JDG,1955,0
3492,JDG,1955,0
3493,JDG,1955,0
3494,JDG,1955,0
3495,JDG,1955,3
3496,JDG,1955,2
3497,JDG,1955,0
3498,JDG,1955,0
3499,JDG,1955,0
3500,JDG,1955,0
3501,JDG,1955,2
3502,JDG,1955,0
3503,JDG,1955,1
3504,JDG,1955,0
3505,JDG,1955,0
3506,JDG,1955,0
3507,JDG,1958,0
3508,JDG,1958,0
3509,JDG,1958,2
3510,JDG,1958,0
3511,JDG,1958,1
3512,JDG,1958,0
3513,JDG,1958,1
3514,JDG,1958,0
3515,JDG,1958,2
3516,JDG,1958,0
3517,JDG,1958,0
3518,JDG,1958,0
3519,JDG,1958,0
3520,JDG,1958,0
3521,JDG,1958,0
3522,JDG,1958,1
3523,JDG,1958,0
3524,JDG,1958,0
3525,JDG,1958,1
3526,JDG,1958,0
3527,JDG,1958,0
3528,JDG,1958,1
3529,JDG,1958,1
3530,JDG,1958,0
3531,JDG,1958,0
3532,JDG,1958,0
3533,JDG,1958,0
3534,JDG,1958,1
3535,JDG,1958,0
3536,JDG,1958,0
3537,JDG,1960,0
3538,JDG,1960,0
3539,JDG,1960,2
3540,JDG,1960,2
3541,JDG,1960,0
3542,JDG,1960,0
3543,JDG,1960,0
3544,JDG,1960,0
3545,JDG,1960,1
3546,JDG,1960,0
3547,JDG,1960,0
3548,JDG,1960,0
3549,JDG,1960,0
3550,JDG,1960,0
3551,JDG,1960,0
3552,JDG,1960,0
3553,JDG,1960,0
3554,JDG,1960,0
3555,JDG,1960,0
3556,JDG,1960,0
3557,JDG,1960,0
3558,JDG,1960,0
3559,JDG,1960,0
3560,JDG,1960,0
3561,JDG,1960,0
3562,JDG,1960,1
3563,JDG,1960,0
3564,JDG,1960,0
3565,JDG,1960,0
3566,JDG,1960,0
3567,JDG,1960,1
3568,JDG,1960,1
3569,JDG,1960,0
3570,JDG,1960,0
3571,JDG,1960,1
3572,JDG,1960,0
3573,JDG,1963,0
3574,JDG,1963,0
3575,JDG,1963,0
3576,JDG,1963,1
3577,JDG,1963,1
3578,JDG,1963,0
3579,JDG,1963,0
3580,JDG,1963,0
3581,JDG,1963,0
3582,JDG,1963,0
3583,JDG,1963,0
3584,JDG,1963,6
3585,JDG,1963,0
3586,JDG,1963,0
3587,JDG,1963,0
3588,JDG,1963,1
3589,JDG,1963,0
3590,JDG,1963,0
3591,JDG,1963,0
3592,JDG,1963,0
3593,JDG,1963,1
3594,JDG,1963,0
3595,JDG,1963,0
3596,JDG,1963,0
3597,JDG,1963,2
3598,JDG,1963,0
3599,JDG,1963,0
3600,JDG,1963,0
3601,JDG,1963,0
3602,JDG,1963,0
3603,JDG,1963,0
3604,JDG,1963,0
3605,JDG,1963,0
3606,JDG,1963,0
3607,JDG,1963,0
3608,JDG,1963,0
3609,JDG,1963,0
3610,JDG,1963,3
3611,JDG,1963,0
3612,JDG,1963,1
3613,JDG,1965,0
3614,JDG,1965,1
3615,JDG,1965,0
3616,JDG,1965,1
3617,JDG,1965,0
3618,JDG,1965,1
3619,JDG,1965,1
3620,JDG,1965,0
3621,JDG,1965,0
3622,JDG,1965,0
3623,JDG,1965,0
3624,JDG,1965,2
3625,JDG,1965,0
3626,JDG,1965,0
3627,JDG,1965,0
3628,JDG,1965,0
3629,JDG,1965,0
3630,JDG,1965,0
3631,JDG,1965,0
3632,JDG,1965,1
3633,JDG,1965,0
3634,JDG,1965,0
3635,JDG,1965,0
3636,JDG,1965,0
3637,JDG,1965,0
3638,JDG,1965,0
3639,JDG,1965,0
3640,JDG,1965,0
3641,JDG,1965,0
3642,JDG,1965,0
3643,JDG,1965,0
3644,JDG,1965,0
3645,JDG,1965,0
3646,JDG,1965,0
3647,JDG,1965,1
3648,JDG,1965,0
3649,JDG,1965,0
3650,JDG,1965,1
3651,JDG,1965,0
3652,JDG,1965,0
3653,JDG,1965,0
3654,JDG,1965,0
3655,JDG,1965,1
3656,JDG,1965,1
3657,JDG,1965,0
3658,JDG,1965,0
3659,JDG,1965,0
3660,JDG,1965,0
3661,JDG,1965,0
3662,JDG,1965,0
3663,JDG,1968,0
3664,JDG,1968,0
3665,JDG,1968,0
3666,JDG,1968,0
3667,JDG,1968,1
3668,JDG,1968,0
3669,JDG,1968,0
3670,JDG,1968,0
3671,JDG,1968,0
3672,JDG,1968,0
3673,JDG,1968,0
3674,JDG,1968,2
3675,JDG,1968,0
3676,JDG,1968,1
3677,JDG,1968,1
3678,JDG,1968,0
3679,JDG,1968,0
3680,JDG,1968,0
3681,JDG,1968,0
3682,JDG,1968,0
3683,JDG,1968,0
3684,JDG,1968,0
3685,JDG,1968,1
3686,JDG,1968,0
3687,JDG,1968,0
3688,JDG,1968,0
3689,JDG,1968,0
3690,JDG,1968,0
3691,JDG,1968,0
3692,JDG,1968,0
3693,JDG,1968,0
3694,JDG,1968,0
3695,JDG,1968,0
3696,JDG,1968,0
3697,JDG,1968,0
3698,JDG,1968,0
3699,JDG,1968,0
3700,JDG,1968,0
3701,JDG,1968,2
3702,JDG,1968,0
3703,JDG,1970,1
3704,JDG,1970,0
3705,JDG,1970,1
3706,JDG,1970,0
3707,JDG,1970,0
3708,JDG,1970,0
3709,JDG,1970,0
3710,JDG,1970,0
3711,JDG,1970,0
3712,JDG,1970,0
3713,JDG,1970,1
3714,JDG,1970,0
3715,JDG,1970,0
3716,JDG,1970,0
3717,JDG,1970,0
3718,JDG,1970,0
3719,JDG,1970,0
3720,JDG,1970,0
3721,JDG,1970,1
3722,JDG,1970,0
3723,JDG,1970,1
3724,JDG,1970,0
3725,JDG,1970,0
3726,JDG,1970,0
3727,JDG,1970,0
3728,JDG,1970,0
3729,JDG,1970,0
3730,JDG,1970,0
3731,JDG,1970,1
3732,JDG,1970,0
3733,JDG,1970,0
3734,JDG,1970,0
3735,JDG,1970,0
3736,JDG,1970,0
3737,JDG,1970,0
3738,JDG,1970,1
3739,JDG,1970,0
3740,JDG,1970,0
3741,JDG,1970,0
3742,JDG,1970,0
3743,JDG,1970,0
3744,JDG,1970,0
3745,JDG,1970,0
3746,JDG,1970,0
3747,JDG,1970,0
3748,JDG,1970,0
3749,JDG,1970,0
3750,JDG,1970,0
3751,JDG,1970,0
3752,JDG,1970,0
3753,JDG,1970,0
3754,JDG,1970,0
3755,JDG,1973,2
3756,JDG,1973,0
3757,JDG,1973,0
3758,JDG,1973,0
3759,JDG,1973,0
3760,JDG,1973,0
3761,JDG,1973,0
3762,JDG,1973,0
3763,JDG,1973,0
3764,JDG,1973,0
3765,JDG,1973,0
3766,JDG,1973,0
3767,JDG,1973,0
3768,JDG,1973,0
3769,JDG,1973,0
3770,JDG,1973,0
3771,JDG,1973,1
3772,JDG,1973,0
3773,JDG,1973,0
3774,JDG,1973,0
3775,JDG,1973,2
3776,JDG,1973,2
3777,JDG,1973,1
3778,JDG,1973,0
3779,JDG,1973,0
3780,JDG,1973,0
3781,JDG,1973,0
3782,JDG,1973,0
3783,JDG,1973,0
3784,JDG,1973,1
3785,JDG,1973,0
3786,JDG,1973,0
3787,JDG,1973,1
3788,JDG,1973,1
3789,JDG,1973,0
3790,JDG,1973,1
3791,JDG,1973,0
3792,JDG,1973,0
3793,JDG,1973,0
3794,JDG,1973,1
3795,JDG,1973,0
3796,JDG,1973,1
3797,JDG,1973,0
3798,JDG,1973,0
3799,JDG,1973,0
3800,JDG,1973,0
3801,JDG,1973,1
3802,JDG,1973,0
3803,JDG,1973,1
3804,JDG,1973,0
3805,JDG,1975,1
3806,JDG,1975,0
3807,JDG,1975,0
3808,JDG,1975,0
3809,JDG,1975,0
3810,JDG,1975,0
3811,JDG,1975,1
3812,JDG,1975,2
3813,JDG,1975,0
3814,JDG,1975,1
3815,JDG,1975,0
3816,JDG,1975,1
3817,JDG,1975,0
3818,JDG,1975,0
3819,JDG,1975,1
3820,JDG,1975,1
3821,JDG,1975,0
3822,JDG,1975,0
3823,JDG,1975,0
3824,JDG,1975,0
3825,JDG,1975,0
3826,JDG,1975,0
3827,JDG,1975,0
3828,JDG,1975,0
3829,JDG,1975,1
3830,JDG,1975,1
3831,JDG,1975,0
3832,JDG,1975,0
3833,JDG,1975,1
3834,JDG,1975,0
3835,JDG,1975,1
3836,JDG,1975,0
3837,JDG,1975,0
3838,JDG,1975,0
3839,JDG,1975,0
3840,JDG,1975,2
3841,JDG,1975,0
3842,JDG,1975,2
3843,JDG,1975,0
3844,JDG,1975,0
3845,JDG,1978,1
3846,JDG,1978,0
3847,JDG,1978,0
3848,JDG,1978,0
3849,JDG,1978,0
3850,JDG,1978,0
3851,JDG,1978,0
3852,JDG,1978,0
3853,JDG,1978,0
3854,JDG,1978,0
3855,JDG,1978,0
3856,JDG,1978,0
3857,JDG,1978,0
3858,JDG,1978,0
3859,JDG,1978,1
3860,JDG,1978,0
3861,JDG,1978,1
3862,JDG,1978,0
3863,JDG,1978,0
3864,JDG,1978,0
3865,JDG,1978,0
3866,JDG,1978,0
3867,JDG,1978,0
3868,JDG,1978,1
3869,JDG,1978,0
3870,JDG,1978,0
3871,JDG,1978,0
3872,JDG,1978,0
3873,JDG,1978,0
3874,JDG,1978,0
3875,JDG,1978,1
3876,JDG,1978,1
3877,JDG,1978,2
3878,JDG,1978,0
3879,JDG,1978,0
3880,JDG,1978,1
3881,JDG,1978,0
3882,JDG,1978,0
3883,JDG,1978,0
3884,JDG,1978,0
3885,JDG,1978,0
3886,JDG,1978,0
3887,JDG,1978,0
3888,JDG,1978,0
3889,JDG,1980,1
3890,JDG,1980,2
3891,JDG,1980,0
3892,JDG,1980,0
3893,JDG,1980,0
3894,JDG,1980,0
3895,JDG,1980,0
3896,JDG,1980,0
3897,JDG,1980,0
3898,JDG,1980,1
3899,JDG,1980,0
3900,JDG,1980,0
3901,JDG,1980,1
3902,JDG,1980,3
3903,JDG,1980,0
3904,JDG,1980,0
3905,JDG,1980,2
3906,JDG,1980,0
3907,JDG,1980,2
3908,JDG,1980,0
3909,JDG,1980,0
3910,JDG,1980,0
3911,JDG,1980,0
3912,JDG,1980,0
3913,JDG,1980,1
3914,JDG,1980,1
3915,JDG,1980,0
3916,JDG,1980,1
3917,JDG,1980,0
3918,JDG,1980,0
3919,JDG,1980,1
3920,JDG,1980,1
3921,JDG,1980,0
3922,JDG,1980,0
3923,JDG,1980,0
3924,JDG,1980,0
3925,JDG,1980,0
3926,JDG,1980,0
3927,JDG,1980,0
3928,JDG,1980,0
3929,JDG,1980,1
3930,JDG,1980,0
3931,JDG,1980,0
3932,JDG,1980,1
3933,JDG,1980,0
3934,JDG,1980,0
3935,JDG,1980,1
3936,JDG,1980,1
3937,JDG,1980,2
3938,JDG,1980,1
3939,JDG,1980,0
3940,JDG,1980,1
3941,JDG,1980,0
3942,JDG,1980,1
3943,JDG,1980,1
3944,JDG,1980,0
3945,JDG,1980,0
3946,JDG,1980,0
3947,JDG,1980,0
3948,JDG,1983,1
3949,JDG,1983,0
3950,JDG,1983,0
3951,JDG,1983,0
3952,JDG,1983,0
3953,JDG,1983,0
3954,JDG,1983,0
3955,JDG,1983,1
3956,JDG,1983,0
3957,JDG,1983,1
3958,JDG,1983,1
3959,JDG,1983,0
3960,JDG,1983,0
3961,JDG,1983,0
3962,JDG,1983,0
3963,JDG,1983,0
3964,JDG,1983,1
3965,JDG,1983,0
3966,JDG,1983,1
3967,JDG,1983,0
3968,JDG,1983,0
3969,JDG,1983,0
3970,JDG,1983,1
3971,JDG,1983,0
3972,JDG,1983,0
3973,JDG,1983,0
3974,JDG,1983,0
3975,JDG,1983,0
3976,JDG,1983,0
3977,JDG,1983,1
3978,JDG,1983,1
3979,JDG,1983,0
3980,JDG,1983,0
3981,JDG,1983,0
3982,JDG,1983,0
3983,JDG,1983,0
3984,JDG,1983,0
3985,JDG,1983,0
3986,JDG,1983,0
3987,JDG,1983,1
3988,JDG,1983,0
3989,JDG,1983,1
3990,JDG,1983,1
3991,JDG,1983,0
3992,JDG,1983,0
3993,JDG,1983,1
3994,JDG,1983,1
3995,JDG,1983,0
3996,JDG,1983,0
3997,JDG,1983,0
3998,JDG,1983,0
3999,JDG,1983,0
4000,JDG,1983,0
4001,JDG,1983,0
4002,JDG,1983,0
4003,JDG,1983,0
4004,JDG,1983,0
4005,JDG,1983,0
4006,JDG,1983,0
4007,JDG,1983,2
4008,JDG,1983,1
4009,JDG,1983,0
4010,JDG,1985,4
4011,JDG,1985,0
4012,JDG,1985,1
4013,JDG,1985,2
4014,JDG,1985,1
4015,JDG,1985,1
4016,JDG,1985,0
4017,JDG,1985,0
4018,JDG,1985,0
4019,JDG,1985,1
4020,JDG,1985,1
4021,JDG,1985,0
4022,JDG,1985,1
4023,JDG,1985,0
4024,JDG,1985,1
4025,JDG,1985,0
4026,JDG,1985,1
4027,JDG,1985,0
4028,JDG,1985,3
4029,JDG,1985,0
4030,JDG,1985,1
4031,JDG,1985,0
4032,JDG,1985,0
4033,JDG,1985,1
4034,JDG,1985,0
4035,JDG,1985,0
4036,JDG,1985,1
4037,JDG,1985,0
4038,JDG,1985,1
4039,JDG,1985,0
4040,JDG,1985,0
4041,JDG,1985,0
4042,JDG,1985,0
4043,JDG,1985,0
4044,JDG,1985,0
4045,JDG,1985,1
4046,JDG,1985,4
4047,JDG,1985,2
4048,JDG,1985,0
4049,JDG,1985,0
4050,JDG,1985,0
4051,JDG,1985,0
4052,JDG,1985,2
4053,JDG,1985,0
4054,JDG,1985,2
4055,JDG,1985,2
4056,JDG,1985,1
4057,JDG,1985,4
4058,JDG,1985,1
4059,JDG,1985,1
4060,JDG,1985,0
4061,JDG,1985,0
4062,JDG,1985,2
4063,JDG,1985,0
4064,JDG,1985,0
4065,JDG,1985,1
4066,JDG,1985,2
4067,JDG,1985,0
4068,JDG,1985,0
4069,JDG,1985,0
4070,JDG,1985,1
4071,JDG,1985,0
4072,JDG,1985,1
4073,JDG,1985,0
4074,JDG,1985,0
4075,JDG,1985,3
4076,JDG,1985,0
4077,JDG,1985,1
4078,JDG,1985,1
4079,JDG,1985,1
4080,JDG,1985,0
4081,JDG,1985,0
4082,JDG,1985,3
4083,JDG,1985,0
4084,JDG,1985,0
4085,JDG,1985,0
4086,JDG,1985,0
4087,JDG,1985,3
4088,JDG,1985,2
4089,JDG,1985,1
4090,JDG,1985,1
4091,JDG,1985,1
4092,JDG,1985,1
4093,JDG,1985,1
4094,JDG,1985,0
4095,JDG,1985,2
4096,JDG,1985,2
4097,JDG,1985,0
4098,JDG,1985,1
4099,JDG,1985,1
4100,JDG,1985,0
4101,JDG,1985,1
4102,JDG,1985,0
4103,JDG,1985,1
4104,JDG,1985,0
4105,JDG,1985,0
4106,JDG,1988,1
4107,JDG,1988,0
4108,JDG,1988,0
4109,JDG,1988,0
4110,JDG,1988,0
4111,JDG,1988,0
4112,JDG,1988,0
4113,JDG,1988,0
4114,JDG,1988,0
4115,JDG,1988,0
4116,JDG,1988,0
4117,JDG,1988,1
4118,JDG,1988,0
4119,JDG,1988,0
4120,JDG,1988,0
4121,JDG,1988,0
4122,JDG,1988,1
4123,JDG,1988,0
4124,JDG,1988,0
4125,JDG,1988,0
4126,JDG,1988,0
4127,JDG,1988,0
4128,JDG,1988,0
4129,JDG,1988,0
4130,JDG,1988,0
4131,JDG,1988,0
4132,JDG,1988,0
4133,JDG,1988,0
4134,JDG,1988,0
4135,JDG,1988,0
4136,JDG,1988,1
4137,JDG,1988,1
4138,JDG,1988,1
4139,JDG,1988,1
4140,JDG,1988,0
4141,JDG,1988,0
4142,JDG,1988,1
4143,JDG,1988,0
4144,JDG,1988,1
4145,JDG,1988,0
4146,JDG,1988,1
4147,JDG,1988,1
4148,JDG,1988,0
4149,JDG,1988,0
4150,JDG,1988,0
4151,JDG,1988,0
4152,JDG,1988,0
4153,JDG,1988,0
4154,JDG,1988,0
4155,JDG,1988,0
4156,JDG,1988,0
4157,JDG,1988,0
4158,JDG,1988,0
4159,JDG,1988,0
4160,JDG,1988,2
4161,JDG,1988,0
4162,JDG,1988,1
4163,JDG,1988,0
4164,JDG,1988,0
4165,JDG,1988,0
4166,JDG,1988,1
4167,JDG,1988,0
4168,JDG,1988,0
4169,JDG,1988,0
4170,JDG,1988,0
4171,JDG,1988,0
4172,JDG,1988,0
4173,JDG,1988,0
4174,JDG,1988,0
4175,JDG,1988,1
4176,JDG,1988,1
4177,JDG,1988,0
4178,JDG,1988,2
4179,JDG,1988,0
4180,JDG,1988,0
4181,JDG,1988,0
4182,JDG,1988,0
4183,JDG,1988,0
4184,JDG,1988,2
4185,JDG,1988,0
4186,JDG,1988,1
4187,JDG,1988,0
4188,JDG,1988,0
4189,JDG,1988,0
4190,JDG,1988,0
4191,JDG,1988,0
4192,JDG,1988,1
4193,JDG,1988,1
4194,JDG,1990,2
4195,JDG,1990,0
4196,JDG,1990,0
4197,JDG,1990,0
4198,JDG,1990,0
4199,JDG,1990,0
4200,JDG,1990,1
4201,JDG,1990,0
4202,JDG,1990,1
4203,JDG,1990,0
4204,JDG,1990,0
4205,JDG,1990,0
4206,JDG,1990,0
4207,JDG,1990,0
4208,JDG,1990,0
4209,JDG,1990,1
4210,JDG,1990,1
4211,JDG,1990,0
4212,JDG,1990,1
4213,JDG,1990,0
4214,JDG,1990,0
4215,JDG,1990,0
4216,JDG,1990,0
4217,JDG,1990,0
4218,JDG,1990,1
4219,JDG,1990,0
4220,JDG,1990,1
4221,JDG,1990,0
4222,JDG,1990,0
4223,JDG,1990,2
4224,JDG,1990,1
4225,JDG,1990,0
4226,JDG,1990,0
4227,JDG,1990,0
4228,JDG,1990,0
4229,JDG,1990,1
4230,JDG,1990,2
4231,JDG,1990,1
4232,JDG,1990,1
4233,JDG,1990,0
4234,JDG,1990,0
4235,JDG,1990,0
4236,JDG,1990,0
4237,JDG,1990,0
4238,JDG,1990,0
4239,JDG,1990,0
4240,JDG,1990,0
4241,JDG,1990,0
4242,JDG,1990,0
4243,JDG,1990,0
4244,JDG,1990,0
4245,JDG,1990,0
4246,JDG,1990,2
4247,JDG,1990,0
4248,JDG,1990,1
4249,JDG,1990,0
4250,JDG,1990,1
4251,JDG,1990,0
4252,JDG,1990,0
4253,JDG,1990,1
4254,JDG,1990,1
4255,JDG,1990,0
4256,JDG,1990,2
4257,JDG,1990,0
4258,JDG,1990,1
4259,JDG,1990,1
4260,JDG,1990,0
4261,JDG,1990,1
4262,JDG,1990,0
4263,JDG,1990,0
4264,JDG,1990,2
4265,JDG,1990,0
4266,JDG,1990,0
4267,JDG,1990,0
4268,JDG,1990,0
4269,JDG,1990,0
4270,JDG,1990,2
4271,JDG,1990,3
4272,JDG,1990,1
4273,JDG,1990,1
4274,JDG,1990,2
4275,JDG,1990,0
4276,JDG,1990,1
4277,JDG,1990,0
4278,JDG,1990,0
4279,JDG,1990,1
4280,JDG,1990,1
4281,JDG,1990,0
4282,JDG,1990,1
4283,JDG,1990,1
4284,JDG,1990,0
4285,JDG,1990,0
4286,JDG,1990,0
4287,JDG,1990,0
4288,JDG,1990,1
4289,JDG,1990,0
4290,JDG,1993,2
4291,JDG,1993,0
4292,JDG,1993,1
4293,JDG,1993,0
4294,JDG,1993,1
4295,JDG,1993,0
4296,JDG,1993,0
4297,JDG,1993,2
4298,JDG,1993,0
4299,JDG,1993,0
4300,JDG,1993,0
4301,JDG,1993,0
4302,JDG,1993,0
4303,JDG,1993,1
4304,JDG,1993,2
4305,JDG,1993,0
4306,JDG,1993,0
4307,JDG,1993,0
4308,JDG,1993,0
4309,JDG,1993,0
4310,JDG,1993,0
4311,JDG,1993,0
4312,JDG,1993,1
4313,JDG,1993,0
4314,JDG,1993,1
4315,JDG,1993,0
4316,JDG,1993,3
4317,JDG,1993,0
4318,JDG,1993,0
4319,JDG,1993,0
4320,JDG,1993,0
4321,JDG,1993,0
4322,JDG,1993,0
4323,JDG,1993,0
4324,JDG,1993,1
4325,JDG,1993,1
4326,JDG,1993,1
4327,JDG,1993,0
4328,JDG,1993,0
4329,JDG,1993,0
4330,JDG,1993,0
4331,JDG,1993,0
4332,JDG,1993,0
4333,JDG,1993,0
4334,JDG,1993,0
4335,JDG,1993,0
4336,JDG,1993,0
4337,JDG,1993,0
4338,JDG,1993,0
4339,JDG,1993,0
4340,JDG,1993,0
4341,JDG,1993,0
4342,JDG,1993,0
4343,JDG,1993,0
4344,JDG,1993,0
4345,JDG,1993,0
4346,JDG,1993,0
4347,JDG,1993,3
4348,JDG,1993,0
4349,JDG,1993,1
4350,JDG,1993,0
4351,JDG,1993,0
4352,JDG,1993,3
4353,JDG,1993,0
4354,JDG,1993,0
4355,JDG,1993,0
4356,JDG,1993,0
4357,JDG,1993,0
4358,JDG,1993,1
4359,JDG,1993,4
4360,JDG,1993,0
4361,JDG,1993,0
4362,JDG,1993,0
4363,JDG,1993,0
4364,JDG,1993,0
4365,JDG,1993,0
4366,JDG,1993,0
4367,JDG,1993,0
4368,JDG,1993,0
4369,JDG,1993,1
4370,JDG,1993,0
4371,JDG,1993,0
4372,JDG,1993,0
4373,JDG,1993,1
4374,JDG,1993,0
4375,JDG,1993,0
4376,JDG,1993,0
4377,JDG,1993,0
4378,JDG,1993,0
4379,JDG,1993,0
4380,JDG,1993,2
4381,JDG,1993,1
4382,JDG,1993,3
4383,JDG,1993,0
4384,JDG,1993,0
4385,JDG,1993,1
4386,JDG,1993,0
4387,JDG,1993,0
4388,JDG,1993,0
4389,JDG,1993,0
4390,JDG,1993,0
4391,JDG,1993,0
4392,JDG,1993,1
4393,JDG,1993,0
4394,JDG,1995,0
4395,JDG,1995,0
4396,JDG,1995,0
4397,JDG,1995,3
4398,JDG,1995,0
4399,JDG,1995,1
4400,JDG,1995,0
4401,JDG,1995,0
4402,JDG,1995,0
4403,JDG,1995,0
4404,JDG,1995,0
4405,JDG,1995,0
4406,JDG,1995,0
4407,JDG,1995,0
4408,JDG,1995,0
4409,JDG,1995,0
4410,JDG,1995,0
4411,JDG,1995,1
4412,JDG,1995,0
4413,JDG,1995,2
4414,JDG,1995,0
4415,JDG,1995,2
4416,JDG,1995,0
4417,JDG,1995,0
4418,JDG,1995,0
4419,JDG,1995,0
4420,JDG,1995,0
4421,JDG,1995,0
4422,JDG,1995,0
4423,JDG,1995,0
4424,JDG,1995,0
4425,JDG,1995,2
4426,JDG,1995,1
4427,JDG,1995,1
4428,JDG,1995,0
4429,JDG,1995,0
4430,JDG,1995,0
4431,JDG,1995,0
4432,JDG,1995,0
4433,JDG,1995,0
4434,JDG,1995,0
4435,JDG,1995,0
4436,JDG,1995,0
4437,JDG,1995,0
4438,JDG,1995,0
4439,JDG,1995,1
4440,JDG,1995,0
4441,JDG,1995,0
4442,JDG,1995,0
4443,JDG,1995,0
4444,JDG,1995,0
4445,JDG,1995,0
4446,JDG,1995,0
4447,JDG,1995,1
4448,JDG,1995,0
4449,JDG,1995,0
4450,JDG,1995,1
4451,JDG,1995,0
4452,JDG,1995,0
4453,JDG,1995,0
4454,JDG,1995,3
4455,JDG,1995,0
4456,JDG,1995,0
4457,JDG,1995,0
4458,JDG,1995,0
4459,JDG,1995,1
4460,JDG,1995,0
4461,JDG,1995,0
4462,JDG,1995,0
4463,JDG,1995,0
4464,JDG,1995,0
4465,JDG,1995,0
4466,JDG,1995,1
4467,JDG,1995,0
4468,JDG,1995,0
4469,JDG,1995,1
4470,JDG,1995,0
4471,JDG,1995,0
4472,JDG,1995,1
4473,JDG,1995,2
4474,JDG,1995,0
4475,JDG,1995,0
4476,JDG,1995,1
4477,JDG,1995,1
4478,JDG,1995,0
4479,JDG,1995,0
4480,JDG,1995,0
4481,JDG,1995,0
4482,JDG,1995,0
4483,JDG,1995,0
4484,JDG,1995,11
4485,JDG,1995,0
4486,JDG,1995,0
4487,JDG,1995,1
4488,JDG,1995,0
4489,JDG,1995,2
4490,JDG,1995,0
4491,JDG,1995,0
4492,JDG,1995,0
4493,JDG,1995,0
4494,JDG,1995,0
4495,JDG,1995,0
4496,JDG,1995,1
4497,JDG,1995,1
4498,JDG,1995,0
4499,JDG,1995,0
4500,JDG,1995,1
4501,JDG,1995,0
4502,JDG,1995,0
4503,JDG,1995,0
4504,JDG,1995,5
4505,JDG,1995,0
4506,JDG,1998,0
4507,JDG,1998,1
4508,JDG,1998,0
4509,JDG,1998,1
4510,JDG,1998,1
4511,JDG,1998,0
4512,JDG,1998,3
4513,JDG,1998,0
4514,JDG,1998,0
4515,JDG,1998,0
4516,JDG,1998,0
4517,JDG,1998,0
4518,JDG,1998,0
4519,JDG,1998,0
4520,JDG,1998,0
4521,JDG,1998,1
4522,JDG,1998,0
4523,JDG,1998,0
4524,JDG,1998,1
4525,JDG,1998,0
4526,JDG,1998,0
4527,JDG,1998,0
4528,JDG,1998,0
4529,JDG,1998,0
4530,JDG,1998,0
4531,JDG,1998,1
4532,JDG,1998,1
4533,JDG,1998,0
4534,JDG,1998,0
4535,JDG,1998,0
4536,JDG,1998,1
4537,JDG,1998,1
4538,JDG,1998,1
4539,JDG,1998,2
4540,JDG,1998,1
4541,JDG,1998,0
4542,JDG,1998,0
4543,JDG,1998,0
4544,JDG,1998,0
4545,JDG,1998,7
4546,JDG,1998,0
4547,JDG,1998,0
4548,JDG,1998,0
4549,JDG,1998,1
4550,JDG,1998,0
4551,JDG,1998,1
4552,JDG,1998,1
4553,JDG,1998,0
4554,JDG,1998,0
4555,JDG,1998,0
4556,JDG,1998,0
4557,JDG,1998,0
4558,JDG,1998,1
4559,JDG,1998,0
4560,JDG,1998,0
4561,JDG,1998,0
4562,JDG,1998,0
4563,JDG,1998,0
4564,JDG,1998,0
4565,JDG,1998,1
4566,JDG,1998,0
4567,JDG,1998,1
4568,JDG,1998,1
4569,JDG,1998,0
4570,JDG,1998,0
4571,JDG,1998,3
4572,JDG,1998,1
4573,JDG,1998,0
4574,JDG,1998,0
4575,JDG,1998,1
4576,JDG,1998,2
4577,JDG,1998,1
4578,JDG,1998,1
4579,JDG,1998,0
4580,JDG,1998,0
4581,JDG,1998,1
4582,JDG,1998,0
4583,JDG,1998,0
4584,JDG,1998,0
4585,JDG,1998,0
4586,JDG,1998,1
4587,JDG,1998,0
4588,JDG,1998,0
4589,JDG,1998,0
4590,JDG,1998,0
4591,JDG,1998,0
4592,JDG,1998,0
4593,JDG,1998,3
4594,JDG,1998,0
4595,JDG,1998,0
4596,JDG,1998,1
4597,JDG,1998,0
4598,JDG,1998,0
4599,JDG,1998,0
4600,JDG,1998,0
4601,JDG,1998,0
4602,JDG,1998,5
4603,JDG,1998,0
4604,JDG,1998,0
4605,JDG,1998,0
4606,JDG,1998,1
4607,JDG,1998,0
4608,JDG,1998,0
4609,JDG,1998,0
4610,JDG,1998,1
4611,JDG,1998,2
4612,JDG,1998,1
4613,JDG,1998,0
4614,JDG,1998,0
4615,JDG,1998,1
4616,JDG,1998,1
4617,JDG,1998,0
